id,grade,level,solution_len,topic,task_text
7-F2-1-L6-g678,7,6,11,Комбинаторика и графы,На конференции $9$ человек пожали друг другу руки. Сколько рукопожатий?
8-F2-5-L6-g678,8,6,11,Теория чисел: остатки и диофантовы,На конференции $12$ человек пожали друг другу руки. Сколько рукопожатий?
7-G3-4-L6-g678,7,6,13,Логика и инварианты,Двое ломают шоколадку $9\times1$. Выигрывает последний разлом. Кто?
7-G3-2-L6-g678,7,6,14,Логика и инварианты,Двое ломают шоколадку $16\times1$. Выигрывает последний разлом. Кто?
9-G3-5-L6-gstub,9,6,14,"Логика, инварианты, стратегии",Двое ломают шоколадку $25\times1$. Выигрывает последний разлом. Кто?
11-B1-1-L6-gh5,11,6,19,Тригонометрия и смешанные уравнения,Найдите корни $\sin x=\frac{\sqrt3}{2}$ на $[0;\pi]$.
11-G2-1-L6-gh3,11,6,19,"Комбинаторика, графы, логика",Можно ли прямоугольник $5\times4$ замостить доминошками $1\times2$?
11-F2-4-L6-g911,11,6,20,Теория чисел и диофантовы задачи,Может ли граф на $8$ вершинах иметь все степени равные $7$?
11-G2-2-L6-gh3,11,6,20,"Комбинаторика, графы, логика",Можно ли прямоугольник $3\times3$ замостить доминошками $1\times2$?
8-F2-3-L6-g678,8,6,20,Теория чисел: остатки и диофантовы,Может ли граф на $6$ вершинах иметь все степени равные $5$?
10-G2-8-L6-gf,10,6,21,"Логика, множества, функции и отображения",Можно ли прямоугольник $5\times5$ замостить доминошками $1\times2$?
11-G2-7-L6-gh3,11,6,21,"Комбинаторика, графы, логика",Можно ли прямоугольник $5\times3$ замостить доминошками $1\times2$?
7-F2-3-L6-g678,7,6,21,Комбинаторика и графы,Может ли граф на $10$ вершинах иметь все степени равные $9$?
8-G2-2-L6-g678,8,6,21,"Комбинаторика, логика, инварианты",Можно ли прямоугольник $3\times5$ замостить доминошками $1\times2$?
5-B2-27-L6-g,5,6,26,"Дроби, доли, проценты",От числа $87$ взяли его $\d\frac{1}{2}$. Какое число получили?
8-B2-2-L6-g678,8,6,26,Неравенства и преобразования,От числа $93$ взяли его $\d\frac{1}{2}$. Какое число получили?
5-B1-3-L6-g5,5,6,27,"Дроби, доли, проценты",От числа $120$ взяли его $\d\frac{1}{2}$. Какое число получили?
5-B3-28-L6-g,5,6,27,"Дроби, доли, проценты",От числа $201$ взяли его $\d\frac{1}{3}$. Какое число получили?
6-B1-3-L6-g678,6,6,27,"Дроби, отношения, проценты",От числа $107$ взяли его $\d\frac{1}{2}$. Какое число получили?
6-B2-4-L6-g678,6,6,27,"Дроби, отношения, проценты",От числа $148$ взяли его $\d\frac{1}{5}$. Какое число получили?
6-B3-5-L6-g678,6,6,27,"Дроби, отношения, проценты",От числа $282$ взяли его $\d\frac{1}{3}$. Какое число получили?
7-B1-3-L6-g678,7,6,27,Линейные уравнения и системы,От числа $182$ взяли его $\d\frac{1}{2}$. Какое число получили?
7-B2-5-L6-g678,7,6,27,Линейные уравнения и системы,От числа $176$ взяли его $\d\frac{1}{5}$. Какое число получили?
8-B1-1-L6-g678,8,6,27,Неравенства и преобразования,От числа $105$ взяли его $\d\frac{1}{5}$. Какое число получили?
8-B1-3-L6-g678,8,6,27,Неравенства и преобразования,От числа $222$ взяли его $\d\frac{1}{4}$. Какое число получили?
8-B1-4-L6-g678,8,6,27,Неравенства и преобразования,От числа $238$ взяли его $\d\frac{1}{5}$. Какое число получили?
8-B2-1-L6-g678,8,6,27,Неравенства и преобразования,От числа $289$ взяли его $\d\frac{1}{3}$. Какое число получили?
8-B3-2-L6-g678,8,6,27,Неравенства и преобразования,От числа $189$ взяли его $\d\frac{1}{3}$. Какое число получили?
9-B2-2-L6-g911,9,6,27,"Системы, модули, радикалы, неравенства",От числа $182$ взяли его $\d\frac{1}{3}$. Какое число получили?
9-B2-3-L6-g911,9,6,27,"Системы, модули, радикалы, неравенства",От числа $279$ взяли его $\d\frac{1}{4}$. Какое число получили?
10-F2-2-L6-gh3,10,6,28,"Комбинаторика, графы, вероятностный подсчёт","В графе $6$ вершин, каждая соединена с каждой. Сколько рёбер?"
10-F2-3-L6-g911,10,6,28,"Комбинаторика, графы, вероятностный подсчёт","В графе $5$ вершин, каждая соединена с каждой. Сколько рёбер?"
5-B1-5-L6-g5,5,6,28,"Дроби, доли, проценты",От числа $267$ взяли его $\d\frac{1}{2}$. Какое число получили?
5-B2-28-L6-g,5,6,28,"Дроби, доли, проценты",От числа $204$ взяли его $\d\frac{1}{2}$. Какое число получили?
7-B1-2-L6-g678,7,6,28,Линейные уравнения и системы,От числа $250$ взяли его $\d\frac{1}{2}$. Какое число получили?
7-F2-2-L6-gh2,7,6,28,Комбинаторика и графы,"В графе $8$ вершин, каждая соединена с каждой. Сколько рёбер?"
8-B3-4-L6-g678,8,6,28,Неравенства и преобразования,От числа $220$ взяли его $\d\frac{1}{2}$. Какое число получили?
9-B3-2-L6-gh3,9,6,28,"Системы, модули, радикалы, неравенства",От числа $251$ взяли его $\d\frac{1}{2}$. Какое число получили?
7-F3-1-L6-g678,7,6,32,Комбинаторика и графы,Среди скольких человек найдутся двое с общим днём рождения (в невысокосный год)?
8-F3-1-L6-gh2,8,6,32,Теория чисел: остатки и диофантовы,"В мешке носки $13$ цветов. Сколько вытащить, чтобы была пара одного цвета?"
8-F3-3-L6-g678,8,6,32,Теория чисел: остатки и диофантовы,"В мешке носки $10$ цветов. Сколько вытащить, чтобы была пара одного цвета?"
10-F3-3-L6-g911,10,6,33,"Комбинаторика, графы, вероятностный подсчёт","Среди любых $6$ натуральных чисел найдутся два с разностью, делящейся на $5$. Верно?"
7-C3-5-L6-g678,7,6,34,Функции и графики,На сколько частей делят пространство $2$ плоскости общего положения?
8-C3-1-L6-g678,8,6,34,Системы и текстовые задачи,На сколько частей делят пространство $3$ плоскости общего положения?
10-E3-2-L6-g911,10,6,35,Теория чисел старшего уровня,"Сколько нечётных чисел среди $1,2,\l\dots,100$?"
11-C3-4-L6-gh3,11,6,35,Неравенства и оценки,На сколько частей делят пространство $5$ плоскости общего положения?
5-C3-30-L6-g,5,6,35,Геометрия и измерения,На сколько частей делят пространство $4$ плоскости общего положения?
10-G3-1-L6-gst2,10,6,36,"Логика, множества, функции и отображения","В куче $27$ камней. За ход берут $1$–$4$. Кто берёт последний, выигрывает. Кто?"
10-G3-1-L6-gstub,10,6,36,"Логика, множества, функции и отображения","На доске $0$. Прибавляют $1$–$7$. Кто первым назовёт $20$, выигрывает. Кто?"
10-G3-3-L6-gstub,10,6,36,"Логика, множества, функции и отображения","В куче $11$ камней. За ход берут $1$ или $3$. Кто возьмёт последний, выигрывает. Кто?"
10-G3-4-L6-gstub,10,6,36,"Логика, множества, функции и отображения","На доске $0$. Прибавляют $1$–$7$. Кто первым назовёт $40$, выигрывает. Кто?"
11-E3-4-L6-g911,11,6,36,"Стереометрия, координаты и векторы","Сколько нечётных чисел среди $1,2,\l\dots,300$?"
6-E3-3-L6-g678,6,6,36,"Геометрия, комбинаторика и логика","Сколько нечётных чисел среди $1,2,\l\dots,200$?"
8-G1-2-L6-g678,8,6,36,"Комбинаторика, логика, инварианты",На доске записано число $7$. За ход число заменяют на сумму его цифр. Какое число получится в конце?
8-G3-3-L6-g678,8,6,36,"Комбинаторика, логика, инварианты","В куче $21$ камней. За ход берут $1$–$4$. Кто берёт последний, выигрывает. Кто?"
8-G3-4-L6-g678,8,6,36,"Комбинаторика, логика, инварианты","В куче $13$ камней. За ход берут $1$ или $3$. Кто возьмёт последний, выигрывает. Кто?"
9-G1-2-L6-gstub,9,6,36,"Логика, инварианты, стратегии",На доске записано число $5$. За ход число заменяют на сумму его цифр. Какое число получится в конце?
9-G3-1-L6-gstub,9,6,36,"Логика, инварианты, стратегии","В куче $7$ камней. За ход берут $1$ или $3$. Кто возьмёт последний, выигрывает. Кто?"
9-G3-2-L6-gstub,9,6,36,"Логика, инварианты, стратегии","На доске $0$. Прибавляют $1$–$7$. Кто первым назовёт $60$, выигрывает. Кто?"
11-E3-5-L6-g911,11,6,37,"Стереометрия, координаты и векторы",На доске $11$ единиц. За ход стирают две и пишут их сумму. Чему равно последнее число?
5-E3-27-L6-g,5,6,37,Комбинаторика и логика,На доске $7$ единиц. За ход стирают две и пишут их сумму. Чему равно последнее число?
7-E3-2-L6-g678,7,6,37,Делимость и остатки,На доске $15$ единиц. За ход стирают две и пишут их сумму. Чему равно последнее число?
7-E3-4-L6-g678,7,6,37,Делимость и остатки,На доске $13$ единиц. За ход стирают две и пишут их сумму. Чему равно последнее число?
11-D2-1-L6-gh4,11,6,38,"Функции, графики и параметры",При каких $a$ уравнение $x^2-4x+a=0$ имеет единственный корень?
7-G2-3-L6-g678,7,6,38,Логика и инварианты,Сколько чёрных клеток на шахматной доске $4\times4$?
11-G2-3-L6-gh3,11,6,39,"Комбинаторика, графы, логика",Сколько чёрных клеток на шахматной доске $8\times8$?
6-C3-5-L6-g678,6,6,39,Целые числа и координаты,Какое наибольшее число частей дают $3$ прямых на плоскости?
7-G2-1-L6-g678,7,6,39,Логика и инварианты,Сколько чёрных клеток на шахматной доске $5\times5$?
7-G2-4-L6-g678,7,6,39,Логика и инварианты,Сколько чёрных клеток на шахматной доске $6\times6$?
11-B3-1-L6-gh4,11,6,40,Тригонометрия и смешанные уравнения,Найдите корни $\cos x=-\frac12$ на $[0;2\pi]$.
11-C3-3-L6-gh3,11,6,40,Неравенства и оценки,Какое наибольшее число частей дают $5$ прямых на плоскости?
7-G1-3-L6-g678,7,6,40,Логика и инварианты,На доске $11$ единиц. За ход стирают два числа и пишут их сумму. Чему равно последнее число?
8-C3-4-L6-g678,8,6,40,Системы и текстовые задачи,Какое наибольшее число частей дают $4$ прямых на плоскости?
8-C3-5-L6-g678,8,6,40,Системы и текстовые задачи,Какое наибольшее число частей дают $6$ прямых на плоскости?
10-C2-1-L6-gstub,10,6,46,"Системы, параметры и неравенства",Два угла треугольника равны $73^\circ$ и $70^\circ$. Найдите третий угол.
10-C2-2-L6-gstub,10,6,46,"Системы, параметры и неравенства",Два угла треугольника равны $53^\circ$ и $68^\circ$. Найдите третий угол.
10-F1-3-L6-g911,10,6,46,"Комбинаторика, графы, вероятностный подсчёт",Два угла треугольника равны $74^\circ$ и $52^\circ$. Найдите третий угол.
11-C2-1-L6-gh3,11,6,46,Неравенства и оценки,Два угла треугольника равны $61^\circ$ и $70^\circ$. Найдите третий угол.
11-F1-2-L6-gh3,11,6,46,Теория чисел и диофантовы задачи,Два угла треугольника равны $54^\circ$ и $68^\circ$. Найдите третий угол.
5-C2-2-L6-g5,5,6,46,Геометрия и измерения,Два угла треугольника равны $48^\circ$ и $49^\circ$. Найдите третий угол.
6-C2-4-L6-g678,6,6,46,Целые числа и координаты,Два угла треугольника равны $51^\circ$ и $50^\circ$. Найдите третий угол.
7-F1-5-L6-g678,7,6,46,Комбинаторика и графы,Два угла треугольника равны $80^\circ$ и $50^\circ$. Найдите третий угол.
8-C1-4-L6-gh5,8,6,48,Системы и текстовые задачи,Решите систему $\begin{cases}x+y=8\\xy=15\end{cases}$.
8-C1-1-L6-gh5,8,6,49,Системы и текстовые задачи,Решите систему $\begin{cases}x+y=16\\xy=63\end{cases}$.
8-C1-2-L6-gh5,8,6,49,Системы и текстовые задачи,Решите систему $\begin{cases}x+y=10\\xy=24\end{cases}$.
8-C1-3-L6-gh5,8,6,49,Системы и текстовые задачи,Решите систему $\begin{cases}x+y=11\\xy=30\end{cases}$.
10-D2-2-L6-g911,10,6,52,Стереометрия и векторы,"Один мастер делает $5$ деталей в час, другой $4$. За сколько часов они вместе сделают $27$ деталей?"
10-F3-1-L6-g911,10,6,52,"Комбинаторика, графы, вероятностный подсчёт","В ящике $3$ цветов. Сколько вытащить, чтобы было $3$ одного цвета?"
10-F3-4-L6-g911,10,6,52,"Комбинаторика, графы, вероятностный подсчёт","В ящике $2$ цветов. Сколько вытащить, чтобы было $4$ одного цвета?"
11-F3-2-L6-g911,11,6,52,Теория чисел и диофантовы задачи,"В ящике $2$ цветов. Сколько вытащить, чтобы было $5$ одного цвета?"
5-D2-29-L6-g,5,6,52,Текстовые задачи,"Один мастер делает $3$ деталей в час, другой $3$. За сколько часов они вместе сделают $18$ деталей?"
11-D2-2-L6-gh3,11,6,54,"Функции, графики и параметры","Один мастер делает $6$ деталей в час, другой $5$. За сколько часов они вместе сделают $33$ деталей?"
11-D2-4-L6-gst2,11,6,54,"Функции, графики и параметры","Один мастер делает $6$ деталей в час, другой $4$. За сколько часов они вместе сделают $30$ деталей?"
6-D2-4-L6-g678,6,6,54,Уравнения и текстовые задачи,"Один мастер делает $6$ деталей в час, другой $6$. За сколько часов они вместе сделают $48$ деталей?"
7-G1-5-L6-g678,7,6,55,Логика и инварианты,На доске число $5$. За ход прибавляют сумму цифр. Через сколько ходов появится двузначное?
8-G1-1-L6-g678,8,6,55,"Комбинаторика, логика, инварианты",На доске число $3$. За ход прибавляют сумму цифр. Через сколько ходов появится двузначное?
8-G1-5-L6-g678,8,6,55,"Комбинаторика, логика, инварианты",На доске число $7$. За ход прибавляют сумму цифр. Через сколько ходов появится двузначное?
10-D2-3-L6-g911,10,6,56,Стереометрия и векторы,$4$ рабочих выполнили работу за $7$ дней. За сколько дней выполнят ту же работу $6$ рабочих?
11-D2-6-L6-gf,11,6,56,"Функции, графики и параметры",$5$ рабочих выполнили работу за $7$ дней. За сколько дней выполнят ту же работу $6$ рабочих?
5-C3-26-L6-g,5,6,56,Геометрия и измерения,"Какое наибольшее число частей можно получить, проведя $7$ прямых на плоскости?"
6-A3-1-L6-gh1,6,6,56,"Числа, делимость, НОД/НОК","В геометрической прогрессии первый член $3$, знаменатель $2$. Чему равна сумма первых $7$ членов?"
6-C3-2-L6-g678,6,6,56,Целые числа и координаты,"Какое наибольшее число частей можно получить, проведя $8$ прямых на плоскости?"
8-C3-2-L6-g678,8,6,56,Системы и текстовые задачи,"Какое наибольшее число частей можно получить, проведя $5$ прямых на плоскости?"
8-C3-3-L6-g678,8,6,56,Системы и текстовые задачи,"Какое наибольшее число частей можно получить, проведя $4$ прямых на плоскости?"
8-D2-4-L6-g678,8,6,56,Функции и графики,$2$ рабочих выполнили работу за $9$ дней. За сколько дней выполнят ту же работу $4$ рабочих?
5-D2-28-L6-g,5,6,57,Текстовые задачи,$5$ рабочих выполнили работу за $11$ дней. За сколько дней выполнят ту же работу $6$ рабочих?
5-D2-30-L6-g,5,6,57,Текстовые задачи,$4$ рабочих выполнили работу за $12$ дней. За сколько дней выполнят ту же работу $6$ рабочих?
5-E3-26-L6-g,5,6,59,Комбинаторика и логика,"В строке $10$ лампочек. За ход переключают две соседние. Можно ли погасить все, если изначально горят все?"
6-A2-1-L6-gh1,6,6,59,"Числа, делимость, НОД/НОК",Сколько натуральных делителей имеет число $125$?
7-E2-5-L6-g678,7,6,59,Делимость и остатки,"Трое: А сказал «Б и В одного типа», Б сказал «А и В разных типов». Кто В?"
7-E3-1-L6-g678,7,6,59,Делимость и остатки,"В строке $8$ лампочек. За ход переключают две соседние. Можно ли погасить все, если изначально горят все?"
7-G2-5-L6-g678,7,6,59,Логика и инварианты,Можно ли разрезать прямоугольник $5\times5$ на доминошки $1\times2$?
8-E3-2-L6-g678,8,6,59,Геометрия: подобие и окружность,"В строке $6$ лампочек. За ход переключают две соседние. Можно ли погасить все, если изначально горят все?"
11-C3-2-L6-gh3,11,6,60,Неравенства и оценки,Торт режут $5$ разрезами с перекладыванием. Какое наибольшее число равных частей можно получить?
5-C1-2-L6-g5,5,6,60,Геометрия и измерения,Сколько натуральных делителей имеет число $194481$?
8-D1-2-L6-g678,8,6,60,Функции и графики,Сколько натуральных делителей имеет число $2025$?
8-D1-4-L6-g678,8,6,60,Функции и графики,Сколько натуральных делителей имеет число $3249$?
8-F2-2-L6-g678,8,6,60,Теория чисел: остатки и диофантовы,На конференции $9$ человек пожали друг другу руки. Сколько всего рукопожатий?
9-D3-1-L6-g911,9,6,60,Геометрия треугольника и окружности,Сколько натуральных делителей имеет число $1500625$?
10-A1-7-L6-gf,10,6,61,Показательные и логарифмические выражения,Сколько натуральных делителей имеет число $66125$?
11-D3-3-L6-gh3,11,6,61,"Функции, графики и параметры",Сколько натуральных делителей имеет число $714025$?
11-E1-4-L6-g911,11,6,61,"Стереометрия, координаты и векторы",Сколько натуральных делителей имеет число $9796423$?
5-A1-2-L6-g5,5,6,61,Числа и делимость,Сколько натуральных делителей имеет число $1459759$?
5-C3-28-L6-g,5,6,61,Геометрия и измерения,Торт режут $9$ разрезами с перекладыванием. Какое наибольшее число равных частей можно получить?
6-C1-2-L6-g678,6,6,61,Целые числа и координаты,Сколько натуральных делителей имеет число $555579$?
6-C3-3-L6-g678,6,6,61,Целые числа и координаты,Торт режут $7$ разрезами с перекладыванием. Какое наибольшее число равных частей можно получить?
8-A2-5-L6-g678,8,6,61,Квадратные уравнения и теорема Виета,Сколько натуральных делителей имеет число $195112$?
8-D1-3-L6-g678,8,6,61,Функции и графики,Сколько натуральных делителей имеет число $34969$?
10-F2-1-L6-gh3,10,6,62,"Комбинаторика, графы, вероятностный подсчёт",На конференции $12$ человек пожали друг другу руки. Сколько всего рукопожатий?
10-G1-2-L6-gst2,10,6,62,"Логика, множества, функции и отображения",На доске $7$ нулей. За ход к двум числам прибавляют $1$. Можно ли получить все единицы?
11-A3-2-L6-gh3,11,6,62,"Многочлены, последовательности, функциональные уравнения","Найдите сумму первых $8$ членов арифметической прогрессии: $9, 13, 17, 21, 25, 29, …$"
11-F2-1-L6-g911,11,6,62,Теория чисел и диофантовы задачи,На конференции $11$ человек пожали друг другу руки. Сколько всего рукопожатий?
5-E1-2-L6-g5,5,6,62,Комбинаторика и логика,Сколько натуральных делителей имеет число $5285401$?
6-A3-4-L6-g678,6,6,62,"Числа, делимость, НОД/НОК","Найдите сумму первых $9$ членов арифметической прогрессии: $6, 13, 20, 27, 34, 41, …$"
6-C1-1-L6-g678,6,6,62,Целые числа и координаты,Сколько натуральных делителей имеет число $38014691$?
9-D3-1-L6-gstub,9,6,62,Геометрия треугольника и окружности,Сколько натуральных делителей имеет число $7992538801$?
10-G1-5-L6-gst2,10,6,63,"Логика, множества, функции и отображения",На доске $11$ нулей. За ход к двум числам прибавляют $1$. Можно ли получить все единицы?
6-C3-1-L6-g678,6,6,63,Целые числа и координаты,Торт режут $11$ разрезами с перекладыванием. Какое наибольшее число равных частей можно получить?
5-C2-5-L6-g5,5,6,64,Геометрия и измерения,Найдите внутренний угол правильного $6$-угольника.
7-C2-1-L6-g678,7,6,64,Функции и графики,Найдите внутренний угол правильного $5$-угольника.
7-C3-4-L6-g678,7,6,64,Функции и графики,На какое наибольшее число частей делят пространство $3$ плоскостей?
8-C2-1-L6-gh2,8,6,64,Системы и текстовые задачи,Найдите внутренний угол правильного $8$-угольника.
9-C3-1-L6-gstub,9,6,64,"Функции, последовательности и олимпиадные конструкции",На какое наибольшее число частей делят пространство $2$ плоскостей?
11-A3-1-L6-gh3,11,6,65,"Многочлены, последовательности, функциональные уравнения","Найдите сумму первых $13$ членов арифметической прогрессии: $7, 11, 15, 19, 23, 27, …$"
11-C3-1-L6-gh3,11,6,65,Неравенства и оценки,На какое наибольшее число частей делят пространство $5$ плоскостей?
11-F3-1-L6-g911,11,6,65,Теория чисел и диофантовы задачи,"В мешке носки $8$ цветов (поровну). Какое наименьшее число носков нужно вытащить, чтобы гарантированно была пара одного цвета?"
5-A3-26-L6-g,5,6,65,Числа и делимость,"Найдите сумму первых $13$ членов арифметической прогрессии: $7, 14, 21, 28, 35, 42, …$"
5-A3-29-L6-g,5,6,65,Числа и делимость,"Найдите сумму первых $15$ членов арифметической прогрессии: $5, 11, 17, 23, 29, 35, …$"
5-C3-29-L6-g,5,6,65,Геометрия и измерения,На какое наибольшее число частей делят пространство $4$ плоскостей?
5-E3-29-L6-g,5,6,65,Комбинаторика и логика,На доске написаны числа от $1$ до $7$. За ход стирают два числа и пишут их сумму. Каким будет последнее число?
6-E3-5-L6-g678,6,6,65,"Геометрия, комбинаторика и логика",На доске написаны числа от $1$ до $9$. За ход стирают два числа и пишут их сумму. Каким будет последнее число?
7-A3-2-L6-g678,7,6,65,"Выражения, степени, многочлены","Найдите сумму первых $14$ членов арифметической прогрессии: $6, 8, 10, 12, 14, 16, …$"
8-F3-4-L6-g678,8,6,65,Теория чисел: остатки и диофантовы,"В мешке носки $6$ цветов (поровну). Какое наименьшее число носков нужно вытащить, чтобы гарантированно была пара одного цвета?"
9-A3-2-L6-gh3,9,6,65,"Квадратные уравнения, Виет, параметры","Найдите сумму первых $10$ членов арифметической прогрессии: $9, 14, 19, 24, 29, 34, …$"
10-E2-4-L6-g911,10,6,66,Теория чисел старшего уровня,В ряд стоят $15$ человек. Каждый (кроме крайних) сказал: «Среди моих соседей ровно $1$ рыцарей». При каких $1$ это возможно?
10-G2-6-L6-gf,10,6,66,"Логика, множества, функции и отображения",Можно ли доску $8\times8$ без одной клетки замостить доминошками $1\times2$?
10-G2-9-L6-gf,10,6,66,"Логика, множества, функции и отображения",Можно ли доску $6\times6$ без одной клетки замостить доминошками $1\times2$?
5-C2-3-L6-g5,5,6,66,Геометрия и измерения,Найдите внутренний угол правильного $10$-угольника.
7-C2-5-L6-g678,7,6,66,Функции и графики,Найдите внутренний угол правильного $12$-угольника.
7-E2-1-L6-g678,7,6,66,Делимость и остатки,В ряд стоят $10$ человек. Каждый (кроме крайних) сказал: «Среди моих соседей ровно $2$ рыцарей». При каких $2$ это возможно?
10-G2-7-L6-gf,10,6,67,"Логика, множества, функции и отображения",Можно ли доску $10\times10$ без одной клетки замостить доминошками $1\times2$?
5-A3-27-L6-g,5,6,67,Числа и делимость,"Найдите сумму первых $14$ членов арифметической прогрессии: $8, 16, 24, 32, 40, 48, …$"
6-C3-4-L6-g678,6,6,67,Целые числа и координаты,Прямоугольник $3\times3$ режут на единичные квадратики (без перекладывания). Минимум разрезов?
7-C2-2-L6-g678,7,6,67,Функции и графики,Найдите сумму углов выпуклого $10$-угольника.
8-F1-1-L6-gh2,8,6,67,Теория чисел: остатки и диофантовы,Найдите сумму углов выпуклого $11$-угольника.
10-F3-2-L6-g911,10,6,68,"Комбинаторика, графы, вероятностный подсчёт","В мешке носки $13$ цветов (поровну). Какое наименьшее число носков нужно вытащить, чтобы гарантированно была пара одного цвета?"
7-F3-5-L6-g678,7,6,68,Комбинаторика и графы,"В мешке носки $10$ цветов (поровну). Какое наименьшее число носков нужно вытащить, чтобы гарантированно была пара одного цвета?"
5-C3-27-L6-g,5,6,69,Геометрия и измерения,Прямоугольник $4\times4$ режут на единичные квадратики (без перекладывания). Минимум разрезов?
7-C3-2-L6-g678,7,6,69,Функции и графики,Прямоугольник $5\times5$ режут на единичные квадратики (без перекладывания). Минимум разрезов?
11-G2-5-L6-gh3,11,6,70,"Комбинаторика, графы, логика",Прямоугольник $4\times5$ без двух противоположных углов. Можно ли замостить доминошками?
11-G2-6-L6-gh3,11,6,70,"Комбинаторика, графы, логика",Прямоугольник $3\times5$ без двух противоположных углов. Можно ли замостить доминошками?
8-G2-1-L6-g678,8,6,70,"Комбинаторика, логика, инварианты",Прямоугольник $3\times3$ без двух противоположных углов. Можно ли замостить доминошками?
8-G2-4-L6-g678,8,6,70,"Комбинаторика, логика, инварианты",Прямоугольник $3\times4$ без двух противоположных углов. Можно ли замостить доминошками?
8-G2-5-L6-g678,8,6,70,"Комбинаторика, логика, инварианты",Прямоугольник $4\times3$ без двух противоположных углов. Можно ли замостить доминошками?
9-A3-1-L6-gh4,9,6,70,"Квадратные уравнения, Виет, параметры",Сколько действительных корней у $x^4-(25)x^2+144=0$?
10-G3-2-L6-gstub,10,6,72,"Логика, множества, функции и отображения","Из кучи $20$ камней двое берут по $1$–$5$. Кто берёт последний, выигрывает. Кто победит?"
8-G3-2-L6-g678,8,6,72,"Комбинаторика, логика, инварианты","Из кучи $50$ камней двое берут по $1$–$5$. Кто берёт последний, выигрывает. Кто победит?"
11-G3-1-L6-gh4,11,6,73,"Комбинаторика, графы, логика",Какое наибольшее число рёбер в графе на $6$ вершинах без треугольников?
8-G3-1-L6-g678,8,6,73,"Комбинаторика, логика, инварианты","Из кучи $100$ камней двое берут по $1$–$5$. Кто берёт последний, выигрывает. Кто победит?"
11-G3-1-L6-gh5,11,6,74,"Комбинаторика, графы, логика",Наибольшее число рёбер в графе на $18$ вершинах без треугольников?
11-G3-2-L6-gh5,11,6,74,"Комбинаторика, графы, логика",Наибольшее число рёбер в графе на $10$ вершинах без треугольников?
11-G3-3-L6-gh5,11,6,74,"Комбинаторика, графы, логика",Наибольшее число рёбер в графе на $12$ вершинах без треугольников?
11-G3-4-L6-gh5,11,6,74,"Комбинаторика, графы, логика",Наибольшее число рёбер в графе на $14$ вершинах без треугольников?
6-E1-1-L6-gh1,6,6,74,"Геометрия, комбинаторика и логика",Сколькими способами можно рассадить $8$ человек на $5$ местах за круглым столом (места различимы)?
6-A1-1-L6-gh1,6,6,75,"Числа, делимость, НОД/НОК","Найдите наименьшее общее кратное чисел $24$ и $30$, если их НОД равен $6$."
9-G3-4-L6-gstub,9,6,75,"Логика, инварианты, стратегии","На столе $8$ спичек. За ход можно взять $1$, $2$ или $3$. Проигрывает взявший последнюю. Кто выиграет?"
7-G3-5-L6-g678,7,6,76,Логика и инварианты,"На столе $20$ спичек. За ход можно взять $1$, $2$ или $3$. Проигрывает взявший последнюю. Кто выиграет?"
10-F1-2-L6-g911,10,6,78,"Комбинаторика, графы, вероятностный подсчёт",Два внутренних угла треугольника равны $64^\circ$ и $72^\circ$. Найдите внешний угол при третьей вершине.
10-F1-6-L6-gf,10,6,78,"Комбинаторика, графы, вероятностный подсчёт",Два внутренних угла треугольника равны $77^\circ$ и $95^\circ$. Найдите внешний угол при третьей вершине.
11-C2-2-L6-gh3,11,6,78,Неравенства и оценки,Два внутренних угла треугольника равны $81^\circ$ и $74^\circ$. Найдите внешний угол при третьей вершине.
11-C2-3-L6-gh3,11,6,78,Неравенства и оценки,Два внутренних угла треугольника равны $92^\circ$ и $87^\circ$. Найдите внешний угол при третьей вершине.
11-C2-6-L6-gf,11,6,78,Неравенства и оценки,Два внутренних угла треугольника равны $88^\circ$ и $50^\circ$. Найдите внешний угол при третьей вершине.
5-C2-1-L6-g5,5,6,78,Геометрия и измерения,Два внутренних угла треугольника равны $64^\circ$ и $65^\circ$. Найдите внешний угол при третьей вершине.
6-C2-2-L6-g678,6,6,78,Целые числа и координаты,Два внутренних угла треугольника равны $84^\circ$ и $79^\circ$. Найдите внешний угол при третьей вершине.
7-C2-3-L6-g678,7,6,78,Функции и графики,Два внутренних угла треугольника равны $94^\circ$ и $62^\circ$. Найдите внешний угол при третьей вершине.
7-F1-3-L6-g678,7,6,78,Комбинаторика и графы,Два внутренних угла треугольника равны $90^\circ$ и $64^\circ$. Найдите внешний угол при третьей вершине.
8-C2-2-L6-g678,8,6,78,Системы и текстовые задачи,Два внутренних угла треугольника равны $79^\circ$ и $91^\circ$. Найдите внешний угол при третьей вершине.
8-F1-1-L6-g678,8,6,78,Теория чисел: остатки и диофантовы,Два внутренних угла треугольника равны $94^\circ$ и $59^\circ$. Найдите внешний угол при третьей вершине.
8-F1-3-L6-g678,8,6,78,Теория чисел: остатки и диофантовы,Два внутренних угла треугольника равны $98^\circ$ и $64^\circ$. Найдите внешний угол при третьей вершине.
10-F1-5-L6-g911,10,6,79,"Комбинаторика, графы, вероятностный подсчёт",Два внутренних угла треугольника равны $103^\circ$ и $51^\circ$. Найдите внешний угол при третьей вершине.
11-F1-2-L6-g911,11,6,79,Теория чисел и диофантовы задачи,Два внутренних угла треугольника равны $52^\circ$ и $109^\circ$. Найдите внешний угол при третьей вершине.
7-F1-4-L6-g678,7,6,79,Комбинаторика и графы,Два внутренних угла треугольника равны $113^\circ$ и $55^\circ$. Найдите внешний угол при третьей вершине.
8-C2-1-L6-g678,8,6,79,Системы и текстовые задачи,Два внутренних угла треугольника равны $112^\circ$ и $50^\circ$. Найдите внешний угол при третьей вершине.
8-C2-5-L6-g678,8,6,79,Системы и текстовые задачи,Два внутренних угла треугольника равны $115^\circ$ и $52^\circ$. Найдите внешний угол при третьей вершине.
8-F1-2-L6-g678,8,6,79,Теория чисел: остатки и диофантовы,Два внутренних угла треугольника равны $102^\circ$ и $66^\circ$. Найдите внешний угол при третьей вершине.
10-B3-2-L6-g911,10,6,80,Тригонометрия,"У Васи было $60$ рублей. Сначала он потратил $\d\frac{1}{3}$ всех денег, а затем $\d\frac{1}{2}$ остатка. Сколько рублей осталось?"
10-G2-10-L6-gf,10,6,80,"Логика, множества, функции и отображения",Можно ли покрыть прямоугольник $8\times8$ без двух противоположных угловых клеток доминошками $1\times2$?
11-G2-4-L6-gh3,11,6,80,"Комбинаторика, графы, логика",Можно ли покрыть прямоугольник $6\times6$ без двух противоположных угловых клеток доминошками $1\times2$?
7-G2-2-L6-g678,7,6,80,Логика и инварианты,Можно ли покрыть прямоугольник $10\times10$ без двух противоположных угловых клеток доминошками $1\times2$?
8-B2-4-L6-g678,8,6,80,Неравенства и преобразования,"У Васи было $60$ рублей. Сначала он потратил $\d\frac{1}{3}$ всех денег, а затем $\d\frac{1}{4}$ остатка. Сколько рублей осталось?"
11-B3-1-L6-gh3,11,6,81,Тригонометрия и смешанные уравнения,"У Васи было $120$ рублей. Сначала он потратил $\d\frac{1}{4}$ всех денег, а затем $\d\frac{1}{3}$ остатка. Сколько рублей осталось?"
5-B2-29-L6-g,5,6,81,"Дроби, доли, проценты","У Васи было $120$ рублей. Сначала он потратил $\d\frac{1}{3}$ всех денег, а затем $\d\frac{1}{4}$ остатка. Сколько рублей осталось?"
6-B1-5-L6-g678,6,6,81,"Дроби, отношения, проценты","У Васи было $120$ рублей. Сначала он потратил $\d\frac{1}{3}$ всех денег, а затем $\d\frac{1}{2}$ остатка. Сколько рублей осталось?"
7-B2-4-L6-g678,7,6,81,Линейные уравнения и системы,"У Васи было $120$ рублей. Сначала он потратил $\d\frac{1}{2}$ всех денег, а затем $\d\frac{1}{2}$ остатка. Сколько рублей осталось?"
8-D1-1-L6-g678,8,6,81,Функции и графики,"Сколько натуральных чисел, не превосходящих $35$, взаимно простых с $35$?"
5-D2-26-L6-g,5,6,82,Текстовые задачи,"Двое рабочих вместе выполняют работу за $6$ ч, а первый — за $8$ ч. За сколько часов выполнит работу второй?"
6-D2-2-L6-g678,6,6,82,Уравнения и текстовые задачи,"Двое рабочих вместе выполняют работу за $4$ ч, а первый — за $8$ ч. За сколько часов выполнит работу второй?"
10-B3-1-L6-gh3,10,6,83,Тригонометрия,"У Васи было $240$ рублей. Сначала он потратил $\d\frac{1}{4}$ всех денег, а затем $\d\frac{1}{2}$ остатка. Сколько рублей осталось?"
11-E2-2-L6-g911,11,6,83,"Стереометрия, координаты и векторы",На острове $11$ жителей. Каждый сказал: «Я лжец». Кто это сказал?
11-F2-5-L6-g911,11,6,83,Теория чисел и диофантовы задачи,Может ли граф на $7$ вершинах иметь все нечётные равные степени?
6-B2-1-L6-g678,6,6,83,"Дроби, отношения, проценты","У Васи было $180$ рублей. Сначала он потратил $\d\frac{1}{4}$ всех денег, а затем $\d\frac{1}{3}$ остатка. Сколько рублей осталось?"
6-E2-4-L6-g678,6,6,83,"Геометрия, комбинаторика и логика",На острове $13$ жителей. Каждый сказал: «Я лжец». Кто это сказал?
7-D2-5-L6-g678,7,6,83,Геометрия треугольников и углов,"Двое рабочих вместе выполняют работу за $4$ ч, а первый — за $12$ ч. За сколько часов выполнит работу второй?"
7-E2-4-L6-g678,7,6,83,Делимость и остатки,На острове $7$ жителей. Каждый сказал: «Я лжец». Кто это сказал?
7-F2-5-L6-g678,7,6,83,Комбинаторика и графы,Может ли граф на $3$ вершинах иметь все нечётные равные степени?
9-A3-1-L6-gh3,9,6,83,"Квадратные уравнения, Виет, параметры",Сколько цифр в десятичной записи числа $2^{20}$?
9-D2-1-L6-gstub,9,6,83,Геометрия треугольника и окружности,"Двое рабочих вместе выполняют работу за $8$ ч, а первый — за $12$ ч. За сколько часов выполнит работу второй?"
9-E2-4-L6-g911,9,6,83,Теория чисел,На острове $9$ жителей. Каждый сказал: «Я лжец». Кто это сказал?
10-B1-3-L6-g911,10,6,84,Тригонометрия,"У Васи было $240$ рублей. Сначала он потратил $\d\frac{1}{2}$ всех денег, а затем $\d\frac{1}{3}$ остатка. Сколько рублей осталось?"
11-B3-3-L6-g911,11,6,84,Тригонометрия и смешанные уравнения,"У Васи было $240$ рублей. Сначала он потратил $\d\frac{1}{4}$ всех денег, а затем $\d\frac{1}{4}$ остатка. Сколько рублей осталось?"
11-D1-1-L6-gh3,11,6,84,"Функции, графики и параметры","Сколько натуральных чисел, не превосходящих $65$, взаимно простых с $65$?"
5-A3-30-L6-g,5,6,84,Числа и делимость,Сколько цифр в десятичной записи числа $5^{20}$?
6-A3-5-L6-g678,6,6,84,"Числа, делимость, НОД/НОК",Сколько цифр в десятичной записи числа $4^{20}$?
6-C1-3-L6-g678,6,6,84,Целые числа и координаты,"Сколько натуральных чисел, не превосходящих $85$, взаимно простых с $85$?"
7-A3-4-L6-g678,7,6,84,"Выражения, степени, многочлены",Сколько цифр в десятичной записи числа $6^{20}$?
8-D3-4-L6-g678,8,6,84,Функции и графики,"Сколько натуральных чисел, не превосходящих $77$, взаимно простых с $77$?"
9-A3-3-L6-gh3,9,6,84,"Квадратные уравнения, Виет, параметры",Сколько цифр в десятичной записи числа $3^{20}$?
7-A2-5-L6-g678,7,6,85,"Выражения, степени, многочлены","Сколько натуральных чисел, не превосходящих $161$, взаимно простых с $161$?"
7-B1-1-L6-g678,7,6,85,Линейные уравнения и системы,Смешали $25$ г раствора с концентрацией $7\%$ и $55$ г раствора с концентрацией $7\%$. Найдите концентрацию полученной смеси.
8-D1-5-L6-g678,8,6,85,Функции и графики,"Сколько натуральных чисел, не превосходящих $133$, взаимно простых с $133$?"
8-D2-2-L6-g678,8,6,85,Функции и графики,"Двое рабочих вместе выполняют работу за $6$ ч, а первый — за $16$ ч. За сколько часов выполнит работу второй?"
10-D2-1-L6-g911,10,6,86,Стереометрия и векторы,"Двое рабочих вместе выполняют работу за $10$ ч, а первый — за $12$ ч. За сколько часов выполнит работу второй?"
11-D2-7-L6-gf,11,6,86,"Функции, графики и параметры","Первая труба наполняет бак за $4$ ч, вторая — за $8$ ч. За сколько часов наполнят бак обе трубы вместе?"
7-A3-3-L6-g678,7,6,86,"Выражения, степени, многочлены","Найдите сумму первых $5$ членов геометрической прогрессии: $4, 12, 36, 108, 324, …$"
7-D2-1-L6-gh2,7,6,86,Геометрия треугольников и углов,"Первая труба наполняет бак за $4$ ч, вторая — за $2$ ч. За сколько часов наполнят бак обе трубы вместе?"
7-D2-2-L6-g678,7,6,86,Геометрия треугольников и углов,"Первая труба наполняет бак за $3$ ч, вторая — за $6$ ч. За сколько часов наполнят бак обе трубы вместе?"
8-D2-1-L6-g678,8,6,86,Функции и графики,"Первая труба наполняет бак за $2$ ч, вторая — за $4$ ч. За сколько часов наполнят бак обе трубы вместе?"
8-D2-5-L6-g678,8,6,86,Функции и графики,"Двое рабочих вместе выполняют работу за $10$ ч, а первый — за $16$ ч. За сколько часов выполнит работу второй?"
9-G3-3-L6-gstub,9,6,86,"Логика, инварианты, стратегии",В кучке $15$ камней. Двое по очереди берут $1$ или $2$ камня. Кто возьмёт последний — выигрывает. Кто выигрывает при правильной игре?
10-D2-4-L6-g911,10,6,87,Стереометрия и векторы,"Двое рабочих вместе выполняют работу за $8$ ч, а первый — за $20$ ч. За сколько часов выполнит работу второй?"
10-D2-5-L6-g911,10,6,87,Стереометрия и векторы,"Первая труба наполняет бак за $12$ ч, вторая — за $4$ ч. За сколько часов наполнят бак обе трубы вместе?"
11-B3-1-L6-g911,11,6,87,Тригонометрия и смешанные уравнения,Смешали $10$ г раствора с концентрацией $6\%$ и $25$ г раствора с концентрацией $34\%$. Найдите концентрацию полученной смеси.
5-B3-26-L6-g,5,6,87,"Дроби, доли, проценты",Смешали $17$ г раствора с концентрацией $22\%$ и $17$ г раствора с концентрацией $8\%$. Найдите концентрацию полученной смеси.
6-D2-1-L6-g678,6,6,87,Уравнения и текстовые задачи,"Первая труба наполняет бак за $6$ ч, вторая — за $12$ ч. За сколько часов наполнят бак обе трубы вместе?"
7-G3-1-L6-g678,7,6,87,Логика и инварианты,В кучке $10$ камней. Двое по очереди берут $1$ или $2$ камня. Кто возьмёт последний — выигрывает. Кто выигрывает при правильной игре?
7-G3-3-L6-g678,7,6,87,Логика и инварианты,В кучке $20$ камней. Двое по очереди берут $1$ или $2$ камня. Кто возьмёт последний — выигрывает. Кто выигрывает при правильной игре?
8-B1-2-L6-g678,8,6,87,Неравенства и преобразования,Смешали $20$ г раствора с концентрацией $6\%$ и $35$ г раствора с концентрацией $39\%$. Найдите концентрацию полученной смеси.
8-G3-5-L6-g678,8,6,87,"Комбинаторика, логика, инварианты",В кучке $25$ камней. Двое по очереди берут $1$ или $2$ камня. Кто возьмёт последний — выигрывает. Кто выигрывает при правильной игре?
10-A3-1-L6-gh3,10,6,88,Показательные и логарифмические выражения,"Продолжите последовательность, указав $9$-й и $10$-й члены: $4, 8, 12, 16, 20, 24, 28, 32, …$"
10-A3-2-L6-g911,10,6,88,Показательные и логарифмические выражения,"Продолжите последовательность, указав $9$-й и $10$-й члены: $6, 16, 18, 32, 30, 48, 42, 64, …$"
10-A3-4-L6-g911,10,6,88,Показательные и логарифмические выражения,"Продолжите последовательность, указав $9$-й и $10$-й члены: $3, 14, 9, 28, 15, 42, 21, 56, …$"
10-B1-4-L6-g911,10,6,88,Тригонометрия,Смешали $60$ г раствора с концентрацией $38\%$ и $15$ г раствора с концентрацией $33\%$. Найдите концентрацию полученной смеси.
10-B2-4-L6-g911,10,6,88,Тригонометрия,Смешали $12$ г раствора с концентрацией $22\%$ и $36$ г раствора с концентрацией $18\%$. Найдите концентрацию полученной смеси.
10-B3-3-L6-g911,10,6,88,Тригонометрия,Смешали $59$ г раствора с концентрацией $20\%$ и $17$ г раствора с концентрацией $20\%$. Найдите концентрацию полученной смеси.
11-A3-3-L6-gh3,11,6,88,"Многочлены, последовательности, функциональные уравнения","Продолжите последовательность, указав $9$-й и $10$-й члены: $6, 18, 18, 36, 30, 54, 42, 72, …$"
11-B2-6-L6-gf,11,6,88,Тригонометрия и смешанные уравнения,Смешали $28$ г раствора с концентрацией $19\%$ и $20$ г раствора с концентрацией $19\%$. Найдите концентрацию полученной смеси.
11-B2-7-L6-gf,11,6,88,Тригонометрия и смешанные уравнения,Смешали $40$ г раствора с концентрацией $38\%$ и $32$ г раствора с концентрацией $29\%$. Найдите концентрацию полученной смеси.
5-A2-2-L6-g5,5,6,88,Числа и делимость,"Сколько натуральных чисел, не превосходящих $209$, взаимно простых с $209$?"
5-A3-28-L6-g,5,6,88,Числа и делимость,"Продолжите последовательность, указав $9$-й и $10$-й члены: $4, 4, 12, 8, 20, 12, 28, 16, …$"
5-B1-1-L6-g5,5,6,88,"Дроби, доли, проценты",Смешали $36$ г раствора с концентрацией $15\%$ и $18$ г раствора с концентрацией $24\%$. Найдите концентрацию полученной смеси.
5-B1-2-L6-g5,5,6,88,"Дроби, доли, проценты",Смешали $18$ г раствора с концентрацией $38\%$ и $23$ г раствора с концентрацией $38\%$. Найдите концентрацию полученной смеси.
5-B1-4-L6-g5,5,6,88,"Дроби, доли, проценты",Смешали $21$ г раствора с концентрацией $27\%$ и $21$ г раствора с концентрацией $21\%$. Найдите концентрацию полученной смеси.
6-A3-1-L6-g678,6,6,88,"Числа, делимость, НОД/НОК","Продолжите последовательность, указав $9$-й и $10$-й члены: $9, 14, 27, 28, 45, 42, 63, 56, …$"
6-A3-3-L6-g678,6,6,88,"Числа, делимость, НОД/НОК","Найдите сумму первых $8$ членов геометрической прогрессии: $4, 12, 36, 108, 324, …$"
6-B1-4-L6-g678,6,6,88,"Дроби, отношения, проценты",Смешали $22$ г раствора с концентрацией $37\%$ и $35$ г раствора с концентрацией $37\%$. Найдите концентрацию полученной смеси.
6-B2-2-L6-g678,6,6,88,"Дроби, отношения, проценты",Смешали $28$ г раствора с концентрацией $32\%$ и $42$ г раствора с концентрацией $17\%$. Найдите концентрацию полученной смеси.
7-A2-2-L6-gh2,7,6,88,"Выражения, степени, многочлены","Сколько натуральных чисел, не превосходящих $299$, взаимно простых с $299$?"
7-A3-1-L6-gh2,7,6,88,"Выражения, степени, многочлены","Продолжите последовательность, указав $9$-й и $10$-й члены: $3, 4, 9, 8, 15, 12, 21, 16, …$"
7-A3-2-L6-gh2,7,6,88,"Выражения, степени, многочлены","Продолжите последовательность, указав $9$-й и $10$-й члены: $2, 18, 6, 36, 10, 54, 14, 72, …$"
7-B1-4-L6-g678,7,6,88,Линейные уравнения и системы,Смешали $17$ г раствора с концентрацией $37\%$ и $25$ г раствора с концентрацией $37\%$. Найдите концентрацию полученной смеси.
7-B1-5-L6-g678,7,6,88,Линейные уравнения и системы,Смешали $41$ г раствора с концентрацией $32\%$ и $18$ г раствора с концентрацией $32\%$. Найдите концентрацию полученной смеси.
7-B2-2-L6-g678,7,6,88,Линейные уравнения и системы,Смешали $48$ г раствора с концентрацией $14\%$ и $30$ г раствора с концентрацией $40\%$. Найдите концентрацию полученной смеси.
7-B2-3-L6-g678,7,6,88,Линейные уравнения и системы,Смешали $25$ г раствора с концентрацией $37\%$ и $45$ г раствора с концентрацией $37\%$. Найдите концентрацию полученной смеси.
7-B3-2-L6-g678,7,6,88,Линейные уравнения и системы,Смешали $27$ г раствора с концентрацией $30\%$ и $13$ г раствора с концентрацией $30\%$. Найдите концентрацию полученной смеси.
7-C3-1-L6-g678,7,6,88,Функции и графики,"Прямоугольник разрезали на $4\times 4$ равных квадратиков. Каким наименьшим числом прямолинейных разрезов это можно сделать, если складывать нельзя?"
7-C3-3-L6-g678,7,6,88,Функции и графики,"Прямоугольник разрезали на $5\times 5$ равных квадратиков. Каким наименьшим числом прямолинейных разрезов это можно сделать, если складывать нельзя?"
7-D2-1-L6-g678,7,6,88,Геометрия треугольников и углов,"Двое рабочих вместе выполняют работу за $10$ ч, а первый — за $20$ ч. За сколько часов выполнит работу второй?"
7-D2-3-L6-g678,7,6,88,Геометрия треугольников и углов,"Первая труба наполняет бак за $2$ ч, вторая — за $3$ ч. За сколько часов наполнят бак обе трубы вместе?"
7-F3-2-L6-g678,7,6,88,Комбинаторика и графы,"В ящике $4$ цветов. Какое наименьшее число шаров вытащить, чтобы заведомо было $8$ одного цвета?"
7-F3-3-L6-g678,7,6,88,Комбинаторика и графы,"В ящике $4$ цветов. Какое наименьшее число шаров вытащить, чтобы заведомо было $6$ одного цвета?"
8-B3-3-L6-g678,8,6,88,Неравенства и преобразования,Смешали $22$ г раствора с концентрацией $34\%$ и $14$ г раствора с концентрацией $16\%$. Найдите концентрацию полученной смеси.
8-F3-5-L6-g678,8,6,88,Теория чисел: остатки и диофантовы,"В ящике $3$ цветов. Какое наименьшее число шаров вытащить, чтобы заведомо было $8$ одного цвета?"
9-B3-4-L6-g911,9,6,88,"Системы, модули, радикалы, неравенства",Смешали $37$ г раствора с концентрацией $32\%$ и $40$ г раствора с концентрацией $32\%$. Найдите концентрацию полученной смеси.
10-B1-1-L6-g911,10,6,89,Тригонометрия,Смешали $58$ г раствора с концентрацией $19\%$ и $48$ г раствора с концентрацией $19\%$. Найдите концентрацию полученной смеси.
5-D2-27-L6-g,5,6,89,Текстовые задачи,"Первая труба наполняет бак за $12$ ч, вторая — за $8$ ч. За сколько часов наполнят бак обе трубы вместе?"
8-D2-3-L6-g678,8,6,89,Функции и графики,"Первая труба наполняет бак за $24$ ч, вторая — за $24$ ч. За сколько часов наполнят бак обе трубы вместе?"
9-C3-2-L6-gstub,9,6,89,"Функции, последовательности и олимпиадные конструкции","Прямоугольник разрезали на $6\times 6$ равных квадратиков. Каким наименьшим числом прямолинейных разрезов это можно сделать, если складывать нельзя?"
11-E3-3-L6-g911,11,6,90,"Стереометрия, координаты и векторы",На столе $7$ монет орлом. За ход переворачивают $2$ монеты. Можно ли все положить решкой?
7-E3-5-L6-g678,7,6,90,Делимость и остатки,На столе $9$ монет орлом. За ход переворачивают $2$ монеты. Можно ли все положить решкой?
7-A1-3-L6-g678,7,6,92,"Выражения, степени, многочлены",Найдите наибольший общий делитель чисел $3^{5}-1$ и $3^{6}-1$.
5-A1-3-L6-g5,5,6,93,Числа и делимость,Найдите наибольший общий делитель чисел $5^{9}-1$ и $5^{26}-1$.
10-D1-1-L6-g911,10,6,94,Стереометрия и векторы,Найдите наибольший общий делитель чисел $2^{26}-1$ и $2^{29}-1$.
5-A2-5-L6-g5,5,6,94,Числа и делимость,Найдите наибольший общий делитель чисел $5^{11}-1$ и $5^{16}-1$.
5-D1-3-L6-g5,5,6,94,Текстовые задачи,Найдите наибольший общий делитель чисел $3^{10}-1$ и $3^{12}-1$.
7-D1-5-L6-g678,7,6,94,Геометрия треугольников и углов,Найдите наибольший общий делитель чисел $2^{22}-1$ и $2^{25}-1$.
8-D3-3-L6-g678,8,6,94,Функции и графики,Найдите наибольший общий делитель чисел $7^{13}-1$ и $7^{16}-1$.
8-E1-3-L6-g678,8,6,94,Геометрия: подобие и окружность,Найдите наибольший общий делитель чисел $3^{28}-1$ и $3^{29}-1$.
11-E3-2-L6-g911,11,6,95,"Стереометрия, координаты и векторы",Может ли произведение $7$ последовательных натуральных чисел быть нечётным?
10-B2-3-L6-g911,10,6,96,Тригонометрия,"Цена товара составляла $250$ руб. Сначала её повысили на $20\%$, а затем снизили на $35\%$. Какой стала цена?"
10-E3-1-L6-g911,10,6,96,Теория чисел старшего уровня,Может ли произведение $11$ последовательных натуральных чисел быть нечётным?
5-B3-27-L6-g,5,6,96,"Дроби, доли, проценты","Цена товара составляла $400$ руб. Сначала её повысили на $25\%$, а затем снизили на $34\%$. Какой стала цена?"
5-E3-30-L6-g,5,6,96,Комбинаторика и логика,Может ли произведение $13$ последовательных натуральных чисел быть нечётным?
6-B3-2-L6-g678,6,6,96,"Дроби, отношения, проценты","Цена товара составляла $400$ руб. Сначала её повысили на $10\%$, а затем снизили на $30\%$. Какой стала цена?"
8-B2-3-L6-g678,8,6,96,Неравенства и преобразования,"Цена товара составляла $500$ руб. Сначала её повысили на $15\%$, а затем снизили на $20\%$. Какой стала цена?"
8-B3-5-L6-g678,8,6,96,Неравенства и преобразования,"Цена товара составляла $800$ руб. Сначала её повысили на $25\%$, а затем снизили на $33\%$. Какой стала цена?"
11-B1-5-L6-gh6,11,6,97,Тригонометрия и смешанные уравнения,"Цена товара составляла $1000$ руб. Сначала её повысили на $20\%$, а затем снизили на $17\%$. Какой стала цена?"
5-B3-29-L6-g,5,6,97,"Дроби, доли, проценты","Цена товара составляла $850$ руб. Сначала её повысили на $36\%$, а затем снизили на $25\%$. Какой стала цена?"
7-B2-1-L6-g678,7,6,97,Линейные уравнения и системы,"Цена товара составляла $240$ руб. Сначала её повысили на $25\%$, а затем снизили на $13\%$. Какой стала цена?"
7-B3-2-L6-gh2,7,6,97,Линейные уравнения и системы,"Цена товара составляла $1000$ руб. Сначала её повысили на $15\%$, а затем снизили на $36\%$. Какой стала цена?"
5-B3-30-L6-g,5,6,98,"Дроби, доли, проценты","Цена товара составляла $960$ руб. Сначала её повысили на $25\%$, а затем снизили на $5\%$. Какой стала цена?"
6-B1-2-L6-g678,6,6,98,"Дроби, отношения, проценты","Цена товара составляла $1500$ руб. Сначала её повысили на $32\%$, а затем снизили на $40\%$. Какой стала цена?"
9-B3-1-L6-gh3,9,6,98,"Системы, модули, радикалы, неравенства","Цена товара составляла $1352$ руб. Сначала её повысили на $25\%$, а затем снизили на $30\%$. Какой стала цена?"
5-B2-30-L6-g,5,6,99,"Дроби, доли, проценты","Цена товара составляла $1375$ руб. Сначала её повысили на $28\%$, а затем снизили на $20\%$. Какой стала цена?"
9-B2-1-L6-g911,9,6,99,"Системы, модули, радикалы, неравенства","Цена товара составляла $1440$ руб. Сначала её повысили на $25\%$, а затем снизили на $15\%$. Какой стала цена?"
10-E3-3-L6-g911,10,6,101,Теория чисел старшего уровня,Чётно или нечётно произведение $5\cdot3\cdot(a+b)$?
6-E3-2-L6-g678,6,6,101,"Геометрия, комбинаторика и логика",Чётно или нечётно произведение $9\cdot6\cdot(a+b)$?
7-E3-1-L6-gh2,7,6,101,Делимость и остатки,Чётно или нечётно произведение $6\cdot3\cdot(a+b)$?
8-E3-4-L6-g678,8,6,101,Геометрия: подобие и окружность,Чётно или нечётно произведение $2\cdot7\cdot(a+b)$?
8-E3-5-L6-g678,8,6,101,Геометрия: подобие и окружность,Чётно или нечётно произведение $2\cdot5\cdot(a+b)$?
10-A1-6-L6-gf,10,6,103,Показательные и логарифмические выражения,Найдите сумму всех натуральных делителей числа $1323$.
10-A2-6-L6-gf,10,6,103,Показательные и логарифмические выражения,Найдите сумму всех натуральных делителей числа $500$.
6-D3-3-L6-g678,6,6,103,Уравнения и текстовые задачи,Найдите сумму всех натуральных делителей числа $1372$.
6-A2-1-L6-g678,6,6,104,"Числа, делимость, НОД/НОК",Найдите сумму всех натуральных делителей числа $3375$.
7-A2-3-L6-g678,7,6,104,"Выражения, степени, многочлены",Найдите сумму всех натуральных делителей числа $2744$.
10-D3-5-L6-g911,10,6,106,Стереометрия и векторы,Найдите сумму всех натуральных делителей числа $676$.
10-G1-4-L6-gst2,10,6,107,"Логика, множества, функции и отображения","На доске написаны числа $6$ и $7$. За ход разрешается заменить пару $(x,y)$ на $(x+y, y)$ или $(x, x-y)$. Можно ли получить пару с равными числами?"
11-E1-5-L6-g911,11,6,107,"Стереометрия, координаты и векторы",Найдите сумму всех натуральных делителей числа $968$.
11-F3-3-L6-g911,11,6,107,Теория чисел и диофантовы задачи,"Среди любых $6$ натуральных чисел найдутся два, разность которых делится на $5$. Верно ли?"
5-A1-5-L6-g5,5,6,107,Числа и делимость,Найдите сумму всех натуральных делителей числа $1352$.
7-F3-4-L6-g678,7,6,107,Комбинаторика и графы,"Среди любых $8$ натуральных чисел найдутся два, разность которых делится на $7$. Верно ли?"
7-G1-1-L6-g678,7,6,107,Логика и инварианты,"На доске написаны числа $4$ и $5$. За ход разрешается заменить пару $(x,y)$ на $(x+y, y)$ или $(x, x-y)$. Можно ли получить пару с равными числами?"
8-G1-4-L6-g678,8,6,107,"Комбинаторика, логика, инварианты","На доске написаны числа $8$ и $6$. За ход разрешается заменить пару $(x,y)$ на $(x+y, y)$ или $(x, x-y)$. Можно ли получить пару с равными числами?"
9-G1-1-L6-gstub,9,6,107,"Логика, инварианты, стратегии","На доске написаны числа $6$ и $3$. За ход разрешается заменить пару $(x,y)$ на $(x+y, y)$ или $(x, x-y)$. Можно ли получить пару с равными числами?"
11-F2-2-L6-g911,11,6,108,Теория чисел и диофантовы задачи,"Может ли существовать граф на $3$ вершинах, в котором все степени вершин нечётны и равны?"
6-A1-4-L6-g678,6,6,108,"Числа, делимость, НОД/НОК",Найдите сумму всех натуральных делителей числа $7803$.
6-D2-2-L6-gh1,6,6,108,Уравнения и текстовые задачи,"Два насоса, работая одновременно, заполняют бассейн за $2$ часов. Первый насос单独 заполняет за $8$ часов. За сколько часов заполнит бассейн второй?"
7-F2-1-L6-gh2,7,6,108,Комбинаторика и графы,"Может ли существовать граф на $9$ вершинах, в котором все степени вершин нечётны и равны?"
8-F2-4-L6-g678,8,6,108,Теория чисел: остатки и диофантовы,"Может ли существовать граф на $5$ вершинах, в котором все степени вершин нечётны и равны?"
8-F3-1-L6-g678,8,6,108,Теория чисел: остатки и диофантовы,"Среди любых $10$ натуральных чисел найдутся два, разность которых делится на $9$. Верно ли?"
6-D1-5-L6-g678,6,6,109,Уравнения и текстовые задачи,Найдите сумму всех натуральных делителей числа $11979$.
7-A1-5-L6-g678,7,6,109,"Выражения, степени, многочлены",Найдите сумму всех натуральных делителей числа $65219$.
8-A1-2-L6-g678,8,6,110,Квадратные уравнения и теорема Виета,Найдите сумму всех натуральных делителей числа $107653$.
11-E1-2-L6-g911,11,6,112,"Стереометрия, координаты и векторы",Найдите сумму всех натуральных делителей числа $1685159$.
6-D2-1-L6-gh1,6,6,112,Уравнения и текстовые задачи,"Два насоса, работая одновременно, заполняют бассейн за $5$ часов. Первый насос单独 заполняет за $20$ часов. За сколько часов заполнит бассейн второй?"
8-A1-4-L6-g678,8,6,112,Квадратные уравнения и теорема Виета,Решите уравнение: $x^2 - 7x + 12 = 0$.
11-C1-3-L6-gh3,11,6,114,Неравенства и оценки,Найдите сумму всех натуральных делителей числа $265837$.
6-E1-2-L6-g678,6,6,114,Олимпиадная задача,"На доске по кругу записаны 5 различных натуральных чисел. Каждое из них Петя поделил на следующее за ним по часовой стрелке, а затем 5 полученных чисел (не обязательно целых) выписал себе на бумажку. Может ли сумма 5 чисел на бумажке оказат"
5-E2-28-L6-g,5,6,117,Комбинаторика и логика,"На острове $8$ жителей, поровну рыцарей и лжецов. Каждый сказал: «Среди моих соседей слева и справа хотя бы один лжец». Сколько рыцарей?"
7-E2-3-L6-g678,7,6,117,Делимость и остатки,"На острове $6$ жителей, поровну рыцарей и лжецов. Каждый сказал: «Среди моих соседей слева и справа хотя бы один лжец». Сколько рыцарей?"
10-E2-3-L6-g911,10,6,121,Теория чисел старшего уровня,На острове живут рыцари (всегда говорят правду) и лжецы (всегда лгут). Каждый из $9$ жителей сказал: «Среди остальных $8$ ровно $4$ рыцарей». Сколько рыцарей на острове?
10-E2-5-L6-g911,10,6,121,Теория чисел старшего уровня,На острове живут рыцари (всегда говорят правду) и лжецы (всегда лгут). Каждый из $7$ жителей сказал: «Среди остальных $6$ ровно $1$ рыцарей». Сколько рыцарей на острове?
11-E2-1-L6-g911,11,6,121,"Стереометрия, координаты и векторы",На острове живут рыцари (всегда говорят правду) и лжецы (всегда лгут). Каждый из $7$ жителей сказал: «Среди остальных $6$ ровно $2$ рыцарей». Сколько рыцарей на острове?
11-E2-3-L6-g911,11,6,121,"Стереометрия, координаты и векторы",На острове живут рыцари (всегда говорят правду) и лжецы (всегда лгут). Каждый из $13$ жителей сказал: «Среди остальных $12$ ровно $8$ рыцарей». Сколько рыцарей на острове?
11-E2-4-L6-g911,11,6,121,"Стереометрия, координаты и векторы",На острове живут рыцари (всегда говорят правду) и лжецы (всегда лгут). Каждый из $13$ жителей сказал: «Среди остальных $12$ ровно $6$ рыцарей». Сколько рыцарей на острове?
5-E2-26-L6-g,5,6,121,Комбинаторика и логика,На острове $9$ жителей. Каждый сказал: «Все остальные — лжецы». Сколько рыцарей на острове?
5-E2-27-L6-g,5,6,121,Комбинаторика и логика,На острове живут рыцари (всегда говорят правду) и лжецы (всегда лгут). Каждый из $11$ жителей сказал: «Среди остальных $10$ ровно $7$ рыцарей». Сколько рыцарей на острове?
5-E2-29-L6-g,5,6,121,Комбинаторика и логика,На острове $5$ жителей. Каждый сказал: «Все остальные — лжецы». Сколько рыцарей на острове?
5-E2-30-L6-g,5,6,121,Комбинаторика и логика,На острове живут рыцари (всегда говорят правду) и лжецы (всегда лгут). Каждый из $7$ жителей сказал: «Среди остальных $6$ ровно $4$ рыцарей». Сколько рыцарей на острове?
7-E2-2-L6-g678,7,6,121,Делимость и остатки,На острове живут рыцари (всегда говорят правду) и лжецы (всегда лгут). Каждый из $7$ жителей сказал: «Среди остальных $6$ ровно $6$ рыцарей». Сколько рыцарей на острове?
8-E2-1-L6-g678,8,6,121,Геометрия: подобие и окружность,На острове живут рыцари (всегда говорят правду) и лжецы (всегда лгут). Каждый из $11$ жителей сказал: «Среди остальных $10$ ровно $8$ рыцарей». Сколько рыцарей на острове?
8-E2-4-L6-g678,8,6,121,Геометрия: подобие и окружность,На острове живут рыцари (всегда говорят правду) и лжецы (всегда лгут). Каждый из $9$ жителей сказал: «Среди остальных $8$ ровно $7$ рыцарей». Сколько рыцарей на острове?
9-E2-1-L6-g911,9,6,121,Теория чисел,На острове $7$ жителей. Каждый сказал: «Все остальные — лжецы». Сколько рыцарей на острове?
9-E2-2-L6-g911,9,6,121,Теория чисел,На острове живут рыцари (всегда говорят правду) и лжецы (всегда лгут). Каждый из $9$ жителей сказал: «Среди остальных $8$ ровно $5$ рыцарей». Сколько рыцарей на острове?
11-E2-5-L6-g911,11,6,123,"Стереометрия, координаты и векторы",На острове живут рыцари (всегда говорят правду) и лжецы (всегда лгут). Каждый из $13$ жителей сказал: «Среди остальных $12$ ровно $9$ рыцарей». Сколько рыцарей на острове?
11-E3-1-L6-g911,11,6,123,"Стереометрия, координаты и векторы","На столе $9$ монет орлом вверх. За один ход можно перевернуть любые $2$ монеты. Можно ли добиться, чтобы все лежали решкой вверх?"
6-E3-1-L6-g678,6,6,123,"Геометрия, комбинаторика и логика","На столе $8$ монет орлом вверх. За один ход можно перевернуть любые $2$ монеты. Можно ли добиться, чтобы все лежали решкой вверх?"
8-E2-5-L6-g678,8,6,123,Геометрия: подобие и окружность,На острове живут рыцари (всегда говорят правду) и лжецы (всегда лгут). Каждый из $11$ жителей сказал: «Среди остальных $10$ ровно $9$ рыцарей». Сколько рыцарей на острове?
8-E3-3-L6-g678,8,6,123,Геометрия: подобие и окружность,"На столе $6$ монет орлом вверх. За один ход можно перевернуть любые $2$ монеты. Можно ли добиться, чтобы все лежали решкой вверх?"
5-E3-28-L6-g,5,6,124,Комбинаторика и логика,"На столе $10$ монет орлом вверх. За один ход можно перевернуть любые $2$ монеты. Можно ли добиться, чтобы все лежали решкой вверх?"
7-E1-1-L6-g678,7,6,124,Делимость и остатки,Сколько натуральных делителей числа $216$ делятся на $6$?
8-E3-1-L6-g678,8,6,124,Геометрия: подобие и окружность,"На столе $12$ монет орлом вверх. За один ход можно перевернуть любые $2$ монеты. Можно ли добиться, чтобы все лежали решкой вверх?"
8-G2-3-L6-g678,8,6,124,"Комбинаторика, логика, инварианты",Можно ли покрыть шахматную доску $8\times8$ без одной угловой клетки доминошками $1\times2$?
6-D1-3-L6-g678,6,6,125,Уравнения и текстовые задачи,Сколько натуральных делителей числа $2744$ делятся на $14$?
7-D1-4-L6-g678,7,6,125,Геометрия треугольников и углов,Сколько натуральных делителей числа $1372$ делятся на $14$?
7-E1-3-L6-g678,7,6,125,Делимость и остатки,Сколько натуральных делителей числа $5625$ делятся на $15$?
8-D3-1-L6-g678,8,6,125,Функции и графики,Сколько натуральных делителей числа $784$ делятся на $14$?
10-E2-1-L6-g911,10,6,126,Теория чисел старшего уровня,На острове живут рыцари (всегда говорят правду) и лжецы (всегда лгут). Каждый из $11$ жителей сказал: «Среди остальных $10$ ровно $10$ рыцарей». Сколько рыцарей на острове?
5-D1-1-L6-g5,5,6,126,Текстовые задачи,Сколько натуральных делителей числа $84375$ делятся на $15$?
6-D1-4-L6-g678,6,6,126,Уравнения и текстовые задачи,Сколько натуральных делителей числа $6075$ делятся на $15$?
8-A2-1-L6-g678,8,6,126,Квадратные уравнения и теорема Виета,Сколько натуральных делителей числа $151263$ делятся на $21$?
8-E1-2-L6-g678,8,6,126,Геометрия: подобие и окружность,Сколько натуральных делителей числа $10000$ делятся на $10$?
8-E1-4-L6-g678,8,6,126,Геометрия: подобие и окружность,Сколько натуральных делителей числа $2100875$ делятся на $35$?
8-E2-2-L6-g678,8,6,126,Геометрия: подобие и окружность,На острове живут рыцари (всегда говорят правду) и лжецы (всегда лгут). Каждый из $13$ жителей сказал: «Среди остальных $12$ ровно $12$ рыцарей». Сколько рыцарей на острове?
8-E2-3-L6-g678,8,6,126,Геометрия: подобие и окружность,На острове живут рыцари (всегда говорят правду) и лжецы (всегда лгут). Каждый из $13$ жителей сказал: «Среди остальных $12$ ровно $11$ рыцарей». Сколько рыцарей на острове?
10-B2-1-L6-g911,10,6,128,Тригонометрия,"У Васи было $72$ рублей. Сначала он потратил $\d\frac{2}{8}$ всех денег, а затем $\d\frac{2}{3}$ остатка. Сколько рублей осталось?"
10-B2-2-L6-g911,10,6,128,Тригонометрия,"У Васи было $267$ рублей. Сначала он потратил $\d\frac{2}{4}$ всех денег, а затем $\d\frac{2}{6}$ остатка. Сколько рублей осталось?"
5-A1-4-L6-g5,5,6,128,Числа и делимость,Сколько натуральных делителей числа $395307$ делятся на $33$?
6-E1-5-L6-g678,6,6,128,"Геометрия, комбинаторика и логика",Сколько натуральных делителей числа $228488$ делятся на $26$?
7-D1-1-L6-g678,7,6,128,Геометрия треугольников и углов,Сколько натуральных делителей числа $533871$ делятся на $39$?
8-A1-3-L6-g678,8,6,128,Квадратные уравнения и теорема Виета,Решите уравнение $x^2 - 7x + 12 = 0$.
8-A1-6-L6-gf,8,6,128,Квадратные уравнения и теорема Виета,Решите уравнение $x^2 - 5x + 6 = 0$.
9-D3-3-L6-g911,9,6,128,Геометрия треугольника и окружности,Сколько натуральных делителей числа $9150625$ делятся на $55$?
6-B1-1-L6-g678,6,6,129,"Дроби, отношения, проценты","У Васи было $240$ рублей. Сначала он потратил $\d\frac{1}{6}$ всех денег, а затем $\d\frac{2}{8}$ остатка. Сколько рублей осталось?"
10-D1-2-L6-g911,10,6,133,Стереометрия и векторы,"Известно, что $\operatorname{НОК}(103,61)=6283$. Найдите $\operatorname{НОД}(103,61)$."
6-A2-5-L6-g678,6,6,133,"Числа, делимость, НОД/НОК","Известно, что $\operatorname{НОК}(60,286)=8580$. Найдите $\operatorname{НОД}(60,286)$."
7-A2-4-L6-g678,7,6,133,"Выражения, степени, многочлены","Известно, что $\operatorname{НОК}(65,185)=2405$. Найдите $\operatorname{НОД}(65,185)$."
11-C1-1-L6-g911,11,6,134,Неравенства и оценки,"Известно, что $\operatorname{НОК}(231,80)=18480$. Найдите $\operatorname{НОД}(231,80)$."
5-D3-30-L6-g,5,6,134,Текстовые задачи,"Известно, что $\operatorname{НОК}(141,77)=10857$. Найдите $\operatorname{НОД}(141,77)$."
6-A1-3-L6-g678,6,6,134,"Числа, делимость, НОД/НОК","Известно, что $\operatorname{НОК}(94,220)=10340$. Найдите $\operatorname{НОД}(94,220)$."
6-B3-1-L6-gh1,6,6,134,"Дроби, отношения, проценты","Имеется два сплава. Первый содержит $78\%$ меди, второй — $10\%$ меди. В каком отношении надо взять сплавы, чтобы получить сплав с $44\%$ меди?"
6-B3-2-L6-gh1,6,6,134,"Дроби, отношения, проценты","Имеется два сплава. Первый содержит $89\%$ меди, второй — $10\%$ меди. В каком отношении надо взять сплавы, чтобы получить сплав с $49\%$ меди?"
6-B3-3-L6-gh1,6,6,134,"Дроби, отношения, проценты","Имеется два сплава. Первый содержит $67\%$ меди, второй — $10\%$ меди. В каком отношении надо взять сплавы, чтобы получить сплав с $38\%$ меди?"
6-C1-4-L6-g678,6,6,134,Целые числа и координаты,"Известно, что $\operatorname{НОК}(215,71)=15265$. Найдите $\operatorname{НОД}(215,71)$."
7-A1-1-L6-gh2,7,6,134,"Выражения, степени, многочлены","Известно, что $\operatorname{НОК}(190,69)=13110$. Найдите $\operatorname{НОД}(190,69)$."
7-A1-1-L6-g678,7,6,135,Олимпиадная задача,"Квадрат разрезали на меньший квадрат и четыре прямоугольника так, как показано на рисунке. На нём отмечены периметры трёх из этих прямоугольников: 15 и 17 (и третий). Найдите сторону исходного квадрата."
8-A2-3-L6-g678,8,6,135,Квадратные уравнения и теорема Виета,"Известно, что $\operatorname{НОК}(280,272)=9520$. Найдите $\operatorname{НОД}(280,272)$."
8-E1-5-L6-g678,8,6,135,Геометрия: подобие и окружность,"Известно, что $\operatorname{НОК}(126,141)=5922$. Найдите $\operatorname{НОД}(126,141)$."
5-C1-4-L6-g5,5,6,136,Геометрия и измерения,"Известно, что $\operatorname{НОК}(147,298)=43806$. Найдите $\operatorname{НОД}(147,298)$."
5-D1-2-L6-g5,5,6,136,Текстовые задачи,"Известно, что $\operatorname{НОК}(279,147)=13671$. Найдите $\operatorname{НОД}(279,147)$."
5-D3-27-L6-g,5,6,136,Текстовые задачи,"Известно, что $\operatorname{НОК}(213,106)=22578$. Найдите $\operatorname{НОД}(213,106)$."
5-E1-1-L6-g5,5,6,136,Комбинаторика и логика,"Известно, что $\operatorname{НОК}(247,259)=63973$. Найдите $\operatorname{НОД}(247,259)$."
6-E1-4-L6-g678,6,6,136,"Геометрия, комбинаторика и логика","Известно, что $\operatorname{НОК}(295,221)=65195$. Найдите $\operatorname{НОД}(295,221)$."
7-A1-2-L6-g678,7,6,136,"Выражения, степени, многочлены","Известно, что $\operatorname{НОК}(152,175)=26600$. Найдите $\operatorname{НОД}(152,175)$."
7-C1-3-L6-g678,7,6,136,Функции и графики,"Известно, что $\operatorname{НОК}(295,281)=82895$. Найдите $\operatorname{НОД}(295,281)$."
7-E1-2-L6-g678,7,6,136,Делимость и остатки,"Известно, что $\operatorname{НОК}(149,191)=28459$. Найдите $\operatorname{НОД}(149,191)$."
9-D3-2-L6-g911,9,6,136,Геометрия треугольника и окружности,"Известно, что $\operatorname{НОК}(198,184)=18216$. Найдите $\operatorname{НОД}(198,184)$."
6-E3-1-L6-gh1,6,6,140,"Геометрия, комбинаторика и логика","Имеются $9$ монет, одна фальшивая (легче остальных). За сколько взвешиваний на чашечных весах без гирь можно найти фальшивую?"
11-E1-3-L6-g911,11,6,144,"Стереометрия, координаты и векторы","Даны точки $A(1,2,3)$, $B(4,5,6)$, $C(7,8,9)$. Найдите координаты вектора $\vec{AB}+\vec{BC}$."
6-E2-3-L6-g678,6,6,156,"Геометрия, комбинаторика и логика",А сказал: «Б — рыцарь». Б сказал: «А и я разных типов». Кто они?
6-A1-1-L6-g678,6,6,157,"Числа, делимость, НОД/НОК",Найдите наибольший общий делитель чисел $36$ и $48$.
6-C1-5-L6-g678,6,6,165,Целые числа и координаты,Вычислите: $|-15| + |-7| - |8|$.
11-E1-1-L6-g911,11,6,167,"Стереометрия, координаты и векторы",Найдите остаток от деления $9^{467}$ на $11$.
8-A2-4-L6-g678,8,6,167,Квадратные уравнения и теорема Виета,Найдите остаток от деления $5^{384}$ на $19$.
7-C1-5-L6-g678,7,6,169,Функции и графики,Найдите остаток от деления $7^{237}$ на $17$.
7-D1-3-L6-g678,7,6,169,Геометрия треугольников и углов,Найдите остаток от деления $2^{474}$ на $17$.
10-E2-2-L6-g911,10,6,170,Теория чисел старшего уровня,"На острове $6$ жителей, каждый сказал: «Следующий за мной по кругу — рыцарь». Сколько рыцарей?"
6-E2-5-L6-g678,6,6,170,"Геометрия, комбинаторика и логика","На острове $10$ жителей, каждый сказал: «Следующий за мной по кругу — рыцарь». Сколько рыцарей?"
7-C1-4-L6-g678,7,6,170,Функции и графики,Найдите остаток от деления $11^{176}$ на $11$.
11-D3-2-L6-gh3,11,6,172,"Функции, графики и параметры",Найдите остаток от деления $11^{299}$ на $19$.
6-E2-1-L6-g678,6,6,184,"Геометрия, комбинаторика и логика",На острове $4$ жителей. Каждый сказал: «Среди нас чётное число рыцарей». Сколько рыцарей?
6-E2-2-L6-g678,6,6,184,"Геометрия, комбинаторика и логика",На острове $6$ жителей. Каждый сказал: «Среди нас чётное число рыцарей». Сколько рыцарей?
9-E2-3-L6-g911,9,6,184,Теория чисел,На острове $7$ жителей. Каждый сказал: «Среди нас чётное число рыцарей». Сколько рыцарей?
9-E2-5-L6-g911,9,6,184,Теория чисел,На острове $5$ жителей. Каждый сказал: «Среди нас чётное число рыцарей». Сколько рыцарей?
11-B2-L6-fill-0377,11,6,187,Тригонометрия и смешанные уравнения,Решите уравнение: $\sin 2x - \cos x = 0$.
10-G1-3-L6-gst2,10,6,197,Олимпиадная задача,"На параболе $y = x^2 $ отмечены точки $O(1, 1)$ и $B(11, 121)$. Найдите абсциссу такой точки $A$ на этой параболе, что сумма площадей $S_1 $ (трапеции $O_1OAA_1 $) и $S_2 $ (трапеции $A_1ABB_1 $) наименьшая."
8-A1-7-L6-gf,8,6,198,Квадратные уравнения и теорема Виета,Найдите сумму корней уравнения $x^2 - 7x + 10 = 0$.
9-A2-2,9,6,199,"Квадратные уравнения, Виет, параметры","На доске написано число 2024. За один ход можно выбрать два одинаковых числа на доске, стереть их и записать вместо них число, равное их удвоенной сумме (например, из двух чисел 5 получается 20, т.к. 2*(5+5)=20). Изначально на доске только "
6-D3-1-L6-g678,6,6,201,Олимпиадная задача,"Назовём фигуру «странным кольцом», если её можно получить, вырезав квадратное отверстие в круге (центры квадрата и круга совпадают, оставшаяся часть круга остаётся цельной). Можно ли положить два странных кольца на стол так, чтобы получилас"
10-D1-1-L6-gh3,10,6,211,Олимпиадная задача,У некоторого $k$-угольника (не обязательно выпуклого) ровно 17 углов больше 90^{\circ}. Найдите наибольшее возможное значение $k$.
5-D1-1-L6-gh1,5,6,213,Текстовые задачи,"Из пунктов $A$ и $B$, расстояние между которыми $216$ км, одновременно навстречу вышли два пешехода со скоростями $6$ и $9$ км/ч. Через сколько часов после встречи расстояние между ними станет равным $216$ км снова?"
5-D1-2-L6-gh1,5,6,216,Текстовые задачи,"Из пунктов $A$ и $B$, расстояние между которыми $144$ км, одновременно навстречу вышли два пешехода со скоростями $6$ и $8$ км/ч. Через сколько часов после встречи расстояние между ними станет равным $144$ км снова?"
6-E1-3-L6-g678,6,6,219,Олимпиадная задача,"Маша купила на рынке несколько фруктов: яблок, груш и слив. Среди них груш было больше, чем яблок, и больше, чем слив. Придя домой, она положила фрукты в угол и забыла. Когда через несколько дней она вспомнила, некоторые фрукты сгнили. Испо"
6-C2-5-L6-g678,6,6,221,Олимпиадная задача,"На кастинг для кинофильма пригласили 10 пар близнецов. В каждой паре один всегда говорит правду, другой всегда лжёт. Все 20 человек расселись за круглым столом. У каждого спросили: «Правда ли, что ваш близнец сидит рядом с вами?» Десять чел"
10-A2-7-L6-gf,10,6,228,Показательные и логарифмические выражения,Решите уравнение: $4^x - 2^{x+2} + 3 = 0$.
6-B2-5-L6-g678,6,6,232,Олимпиадная задача,"Мария и Лена играют в игру. Мария первой пишет положительное целое, не делящееся на 10. Затем игроки по очереди пишут степень любого из написанных на доске чисел. Выигрывает тот, у кого сумма нескольких написанных чисел делится на 10. Кто в"
6-D3-2-L6-g678,6,6,235,Олимпиадная задача,"Найдите наименьшее натуральное число, которое обладает следующими тремя свойствами: делится на 632; заканчивается на 632; больше 632."
7-D3-2-L6-g678,7,6,255,Геометрия треугольников и углов,"В равнобедренном треугольнике $ABC$ с основанием $AC$ проведена медиана $BD$. Найдите угол $ABC$, если $\angle ABD = 40^\circ$."
5-C1-1-L6-gh1,5,6,259,Геометрия и измерения,Квадрат $4\times4$ разрезали на несколько квадратов (не обязательно равных). Может ли среди них оказаться ровно $5$ квадратов? Ответ обоснуйте.
10-D3-4-L6-g911,10,6,260,Олимпиадная задача,"Сколько существует способов выбрать два различных натуральных делителя числа $10^7 $ так, чтобы их сумма была кратна трём?"
5-E1-5-L6-g5,5,6,262,Олимпиадная задача,"На перекрёстке стоит камень с 4 табличками. На каждой табличке по три строки, ровно одна из которых неверна. Определите, куда ведут дороги $A$, $B$, $C$, $D$ (клад, дракон, смерть, город). Таблички: 1) клад←, смерть↑, город$\to$; 2) смерть←"
7-G1-4-L6-g678,7,6,275,Олимпиадная задача,"Машины А и Б одновременно выехали из одного города в одну сторону, машина В выехала позже на полчаса. Машина В догнала машину А через 4 часа. Через 6 часов после выезда В расстояние между В и Б увеличилось в 4 раза по сравнению с моментом в"
6-D3-5-L6-g678,6,6,278,Уравнения и текстовые задачи,"В двух бочках было поровну воды. Из первой бочки взяли 10 литров, а во вторую добавили 20 литров. После этого в первой бочке осталось в 3 раза меньше воды, чем во второй. Сколько литров воды было в каждой бочке первоначально?"
10-A2-3-L6-g911,10,6,280,Показательные и логарифмические выражения,Решите уравнение: $4^x - 3 \cdot 2^x + 2 = 0$.
9-E4-7,9,6,302,Комбинаторика и графы,"В классе 25 учеников. Каждый день учитель выбирает 5 учеников для дежурства. Какое минимальное количество дней должно пройти, чтобы можно было гарантировать, что некоторая группа из 5 учеников уже дежурила дважды?"
10-F2-1-L6-g911,10,6,326,Олимпиадная задача,"В компании 50 детей, некоторые из них дружат (дружба взаимна). Известно, что любую группу из 10 детей можно разбить на 5 пар так, чтобы в каждой паре дети дружили. Найдите наименьшее возможное количество пар дружащих детей в этой компании."
11-B1-3-L6-gh5,11,6,333,Олимпиадная задача,"Пусть множество A состоит из всех трёх-, пяти-, семи- и девятизначных чисел, в записи которых используются десятичные цифры 1, 2,..., n (не обязательно различные), а множество B — из всех двузначных, четырёх-, шести- и восьмизначных чисел, "
10-F1-4-L6-g911,10,6,345,Олимпиадная задача,"Ваня строит график гиперболы $y = k/x$ и хочет, чтобы график прошёл как минимум через 75 точек с целочисленными координатами. При каком наименьшем положительном значении $k$ ему удастся построить такой график?"
8-B1-5-L6-g678,8,6,346,Олимпиадная задача,"На доске написано число 2014. За один ход разрешается либо умножить число на 2, либо вычесть из числа 2014. Можно ли за несколько ходов получить число 1?"
5-D3-28-L6-g,5,6,364,Текстовые задачи,"Маша задумала число. Если к этому числу прибавить 15, затем результат умножить на 3, потом вычесть 27 и полученное число разделить на 6, то получится 8. Какое число задумала Маша?"
7-D3-5-L6-g678,7,6,392,Геометрия треугольников и углов,"В равнобедренном треугольнике $ABC$ с основанием $AC$ проведена медиана $BD$. Известно, что $\angle ABD = 30^\circ$, а $AB = 8$. Найдите длину отрезка $AD$."
9-A2c-20,9,6,404,Комбинаторика и графы,"Сколькими способами можно разложить $10$ различных книг по двум различным полкам так, чтобы на каждой полке оказалось хотя бы по одной книге?"
9-D12-1,9,6,405,Теория чисел,"На доске написаны 2025 различных натуральных чисел, каждое из которых не превосходит 2025. Докажите, что среди них можно выбрать 5 чисел, сумма которых делится на 5."
9-F5-2,9,6,408,Геометрия треугольника и окружности,"Дан прямоугольный треугольник $ABC$ с прямым углом $A$. На катете $AC$ отмечена точка $D$ такая, что $AD:DC=1:3$, после чего построены окружности $\Gamma_1$ и $\Gamma_2$ с центрами $A$ и $C$ соответственно, проходящие через точку $D$. $\Gam"
8-E1-1-L6-g678,8,6,412,Олимпиадная задача,"Существует ли такое натуральное число $n$, что для каких-то трёх его делителей $a$,$b$,$c$, больших $1 $, произведение $(a - 1)(b - 1)(c - 1)$ делится на $n^2 $?"
9-H2-21,9,6,414,"Функции, последовательности и олимпиадные конструкции","Исследуйте производную функцию $f(x)=x^3-3x^2+2,$ найдите количество решений уравнения $f'(x)=0$ и определите, в какой точке производная меняет знак с плюса на минус."
10-B2-L6-fill-0274,10,6,425,Тригонометрия,Решите уравнение $\sin x - \cos x = \frac{1}{\sqrt{2}}$. В ответе укажите наименьший положительный корень в градусах.
9-A2c-13,9,6,425,Теория чисел,"В трёх цистернах находится вино различной крепости (разные концентрации спирта). Из первой цистерны отливают 20 литров и смешивают со 100 литрами из второй цистерны, получая смесь с концентрацией спирта $30\%$. Затем 30 литров из первой цис"
10-F3-22,10,6,434,"Комбинаторика, графы, вероятностный подсчёт","В коробке лежат $5$ белых и $5$ чёрных шаров. Наудачу без возвращения вынимают два шара. Найдите вероятность того, что они окажутся одного цвета."
8-A3-1-L6-gh5,8,6,434,Олимпиадная задача,"По кругу выписаны числа $1, 2, 3, \dots, 10 $ в некотором порядке. Для каждой тройки подряд идущих по кругу чисел вычисляется их сумма (всего 10 таких сумм, так как каждое число входит ровно в три тройки). Петя вычислил все 10 сумм и записа"
10-E4-19,10,6,445,"Системы, параметры и неравенства","Дано 2025 различных натуральных чисел, каждое из которых не превосходит 4049. Докажите, что из них можно выбрать 10 чисел, сумма которых делится на 10."
9-B3-3-L6-g911,9,6,445,Олимпиадная задача,"Определите, какие из следующих утверждений о треугольнике $ABC$ не могут быть верными:

а) Угол $BAC$ равен углу $ABC$.

б) Угол $BAC$ прямой.

в) Угол $ACB$ тупой.

г) Сторона $AB$ равна сумме сторон $BC$ и $AC$."
9-C1-15,9,6,452,"Функции, последовательности и олимпиадные конструкции","Найдите все пары целых чисел $(x, y)$, для которых выполняется равенство: $x^3 + y^3 + 3xy(x + y) = (x + y)^3 + 2023^2.$"
9-D1-25,9,6,454,Геометрия треугольника и окружности,"Натуральное число $N$ таково, что среди чисел $N, 2N, 3N, \dots, 99N, 100N$ ровно 75 делятся на 5. Докажите, что $N$ делится на 5."
9-A2-23,9,6,457,"Квадратные уравнения, Виет, параметры","У Кати есть 4 карточки. На каждой карточке написано одно из чисел: 1, 2, 3, 4 (все числа различны). Катя хочет разложить карточки на две кучки (порядок кучек не важен) так, чтобы в одной кучке была ровно одна карточка, а в другой — три. Ско"
9-D1-11,9,6,459,Геометрия треугольника и окружности,"Дано трёхзначное число $N$. Обозначим через $S(N)$ сумму цифр числа $N$, а через $R(N)$ — остаток от деления $N$ на $9$. Известно, что выполняется равенство:
$S(N)=R(N)+27.$
Докажите, что $N$ делится на $9$, и найдите все возможные значения"
9-E14-2,9,6,459,"Квадратные уравнения, Виет, параметры","На уроке математики ученики 9 класса решали задачу: «Сколько существует различных способов расставить числа 1, 2, …, 9 в клетках квадрата 3×3 так, чтобы сумма чисел в каждой строке, каждом столбце и на обеих диагоналях была равна 15?» Учите"
10-C1-22,10,6,463,"Системы, параметры и неравенства","Найдите все натуральные числа $n$, для которых число $n^4 + 2n^3 + 3n^2 + 2n + 1$ является точным квадратом натурального числа."
10-A2-5-L6-g911,10,6,471,Олимпиадная задача,"Внутри треугольника ABC со сторонами AB = 5, BC = 4/3 и AC = = $\pi$ отмечена точка M. Оказалось, что сумма расстояний от точки M до вершин треугольника d = M A + M B + M C – натуральное число. Найдите произведение воз- можных значений d."
8-B3-1-L6-g678,8,6,475,Олимпиадная задача,"В треугольнике ABC точка M $\to$ середина AC, кроме того, BC = 2AC/3 и
$\angle BMC$= 2$\angle ABM$. Найдите отношение AM/AB."
5-C2-4-L6-g5,5,6,485,Олимпиадная задача,"При записи даты 20.04.24 по два раза использованы цифры «0», «2» и «4». Когда наступит ближайшая следующая такая же дата?"
10-D12-21,10,6,488,Теория чисел старшего уровня,"Дана последовательность $a_1, a_2, \dots, a_{2025}$ целых чисел, каждое из которых не меньше $0$ и не больше $4$. Известно, что для любого $k$ от $1$ до $2025$ сумма первых $k$ членов последовательности делится на $5$. Докажите, что существ"
9-E4-14,9,6,490,"Логика, инварианты, стратегии","В школьном кружке 9 участников. Каждому из них выдали по три карточки, на каждой из которых написано одно из чисел $0$, $1$ или $2$. Участники разбились на две команды: в первой команде 4 человека, во второй — 5. Каждый участник первой кома"
11-D1-25,11,6,491,"Функции, графики и параметры","Найдите все натуральные числа $n$, для которых число $N = 5^{2023} + 5^{2022} + \l\dots + 5 + 1$ делится на $n$ и при этом $n^2$ делится на $N$."
10-C1-L6-fill-0276,10,6,493,"Системы, параметры и неравенства","Найдите все значения параметра $a$, при которых система уравнений $$\begin{cases} x^2 + y^2 = 4, \\ x + y = a \end{cases}$$ имеет ровно два различных решения."
9-E1-5,9,6,505,Теория чисел,"У Пети есть 100 белых шаров, пронумерованных числами от 1 до 100. Он хочет разложить их по 10 коробкам (коробки различимы) так, чтобы в каждой коробке оказалось ровно по 10 шаров. Для каждой коробки Петя вычисляет сумму номеров шаров в ней."
9-E4-15,9,6,506,"Логика, инварианты, стратегии","В шахматном турнире участвуют $40$ шахматистов. Каждые два сыграли между собой ровно одну партию. За победу даётся $1$ очко, за ничью — $0{,}5$, за поражение — $0$. Докажите, что найдётся участник, который набрал не менее $19{,}5$ очка."
6-A2-3-L6-g678,6,6,507,Олимпиадная задача,"На доске написано 2021 минусов. Петя и Вася играют в такую игру. Ход состоит в том, что можно один минус заменить на плюс, либо стереть один плюс и один минус, либо два минуса заменить на три плюса. Ходят по очереди, первым ходит Петя, прои"
8-C1-3-L6-g678,8,6,517,Олимпиадная задача,По кругу расставлены 100 натуральных чисел. Каждое из них разделили с остатком на следующее по часовой стрелке. Могло ли получиться 100 одинаковых ненулевых остатков?
9-A2c-9,9,6,524,"Квадратные уравнения, Виет, параметры","В лаборатории имеется три сосуда с растворами кислоты. В первом сосуде — 10% раствор, во втором — 30% раствор, в третьем — 50% раствор. Лаборант хочет получить 1 литр 25% раствора, смешивая растворы из сосудов. При этом он может использоват"
9-B1-11,9,6,525,"Системы, модули, радикалы, неравенства","На острове живут 100 аборигенов, каждый из которых либо рыцарь (всегда говорит правду), либо лжец (всегда лжёт). Однажды все они собрались на центральной площади. Каждый абориген произнёс фразу: «Среди присутствующих не более 30 рыцарей». С"
10-E4-18,10,6,531,"Системы, параметры и неравенства","В ряд выписаны 2025 различных натуральных чисел, каждое не превосходит 3000. Докажите, что найдутся 3 числа, сумма которых делится на 3."
9-F13-1,9,6,531,Геометрия треугольника и окружности,"В треугольнике $ABC$ проведена биссектриса $BK$. Окружность с центром $I$ (инцентр треугольника $ABC$) касается стороны $BC$ в точке $M$, а стороны $AB$ — в точке $N$. Оказалось, что отрезки $BM$ и $BN$ равны. Докажите, что треугольник $ABC"
9-A2c-24,9,6,537,"Системы, модули, радикалы, неравенства","Решите систему
$
\begin{cases}
x+y=10,\\
\sqrt{x+3}+\sqrt{y+3}=4.
\end{cases}
$"
9-F11-13,9,6,540,Комбинаторика и графы,"Дан квадрат $10 \times 10$, разбитый на $100$ единичных клеток. Разрешается разрезать квадрат по линиям сетки на несколько прямоугольников (не обязательно равных) и затем замостить этими прямоугольниками какой-нибудь другой квадрат $N \time"
9-F13-15,9,6,540,"Логика, инварианты, стратегии","В треугольнике $ABC$ проведена биссектриса $AD$. На стороне $AB$ выбрана точка $E$ такая, что $AE = AC$. Оказалось, что отрезки $DE$ и $BC$ равны. Докажите, что $AD$ является биссектрисой угла $EDC$."
9-A2c-6,9,6,550,"Квадратные уравнения, Виет, параметры","В лаборатории есть три колбы с растворами соли: в первой колбе — 10% раствор, во второй — 20% раствор, в третьей — 50% раствор. Лаборант хочет получить 1 литр 30% раствора, используя все три колбы, причём количество раствора из второй колбы"
9-F11-5,9,6,551,Геометрия треугольника и окружности,"Докажите, что квадрат размером $2025 \times 2025$ можно разрезать на квадраты со стороной $1$, $2$ и $3$ так, что количество квадратов каждого размера одинаково. (Квадраты можно поворачивать, но не накладывать друг на друга)."
10-E4-20,10,6,554,"Системы, параметры и неравенства","В мешке лежат 2025 шаров, каждый из которых покрашен в один из 9 цветов. Докажите, что найдётся 12 шаров одного цвета, если из мешка можно вытащить не более 200 шаров, причём каждый раз вы вытаскиваете ровно 17 шаров, и после каждого вытаск"
5-D3-29-L6-g,5,6,554,Текстовые задачи,"Мама дала Пете несколько конфет. Сначала Петя съел половину всех конфет и ещё одну, потом съел половину оставшихся и ещё две, и наконец съел половину оставшихся и ещё три. После этого конфет не осталось. Сколько конфет дала мама Пете?"
9-F4a-9,9,6,557,"Логика, инварианты, стратегии","На столе лежат $100$ монет, все орлом вверх. За ход разрешается перевернуть ровно $4$ монеты. Можно ли получить положение, в котором ровно одна монета лежит решкой вверх?"
10-E4-3,10,6,562,"Системы, параметры и неравенства","На выставке представлены 105 картин, каждая из которых написана в одном из 7 стилей. Картины развешены в ряд так, что никакие две картины одного стиля не висят рядом. Докажите, что найдётся стиль, представленный не менее чем 15 картинами. П"
11-A1-L6-fill-0374,11,6,565,"Многочлены, последовательности, функциональные уравнения","Найдите все действительные числа $a$, при которых многочлен $x^4 - 4x^3 + 6x^2 - 4x + a$ имеет ровно два различных действительных корня."
9-H2-15,9,6,566,"Функции, последовательности и олимпиадные конструкции",Функция задана формулой $f(x)=x^4-4x^3+6x^2-4x+1+\frac{1}{x^4-4x^3+6x^2-4x+1}.$ Найдите наименьшее значение функции на множестве $x\in\mathbb{R}\setminus\{1\}.$
10-E4-6,10,6,576,"Системы, параметры и неравенства","В спортивном зале 10 шкафчиков, пронумерованных числами от 1 до 10. Тренер выдаёт ключи от шкафчиков 20 ученикам так, что каждый ученик получает ровно один ключ, а каждый ключ изготовлен в двух экземплярах (то есть всего 20 ключей, по два н"
11-C4-19,11,6,576,Тригонометрия и смешанные уравнения,Решите уравнение в действительных числах: $(x^2 + x + 1)^2 + (x^2 + x + 2)^2 = 2(x^4 + 2x^3 + 3x^2 + 2x + 3).$
10-C1-L6-fill-0276,10,6,579,"Системы, параметры и неравенства","При каких значениях параметра $a$ система уравнений $\begin{cases} x^2 + y^2 = a, \\ |x| + |y| = 1 \end{cases}$ имеет ровно два решения?"
9-F4a-20,9,6,586,"Логика, инварианты, стратегии","На плоскости дан квадрат $ABCD$ с центром $O$. Точка $P$ не совпадает ни с одной из вершин квадрата и такова, что треугольники $AOP$, $BOP$, $COP$, $DOP$ равнобедренные с вершиной $O$. Найдите угол $APC$."
11-C1-2-L6-gh3,11,6,588,Неравенства и оценки,"Для положительных чисел $a$, $b$, $c$ докажите неравенство: $\frac{a}{b+c} + \frac{b}{c+a} + \frac{c}{a+b} \geq \frac{3}{2}$."
9-D1-20,9,6,588,Геометрия треугольника и окружности,"На доске написано число $N = 1010101\l\dots 01$, состоящее из 2025 единиц и 2025 нулей, расположенных в порядке: 1, 0, 1, 0,..., 1 (начинается и заканчивается единицей). Докажите, что $N$ не делится на 11."
11-G1-20,11,6,591,"Комбинаторика, графы, логика","Дана последовательность положительных чисел $a_1, a_2, \dots, a_n$ такая, что для любого $k = 1, 2, \dots, n$ выполнено неравенство:
$
\sqrt[k]{a_1 a_2 \c\dots a_k} \geqslant \frac{a_1 + a_2 + \c\dots + a_k}{k}.
$
Докажите, что все $a_i$ ра"
9-E7-18,9,6,593,Комбинаторика и графы,"На острове Робинзона Крузо есть 2025 пальм, растущих в ряд. На каждой пальме сидит ровно один попугай — либо красный, либо синий. За один ход Пятница может взять любых двух попугаев, сидящих на соседних пальмах, и, если они разного цвета, т"
9-D12-20,9,6,594,"Логика, инварианты, стратегии","В ящике лежат 2025 карточек, на каждой написано целое число от 0 до 62. Известно, что каждое число от 0 до 62 встречается хотя бы на одной карточке, а сумма чисел на всех карточках равна 2025. Докажите, что можно выбрать 2025 карточек, возм"
9-F3-2,9,6,605,Комбинаторика и графы,"В выпуклом четырёхугольнике $ABCD$ диагонали пересекаются в точке $O$, причём $AO=OC$ и $BO=OD$. Докажите, что $ABCD$ является параллелограммом."
9-E7-14,9,6,608,Олимпиадная задача,"В классе учатся 28 человек. На 8 марта каждый мальчик подарил каждой девочке один цветок — тюльпан, розу или нарцисс. Сколько было подарено роз, если известно, что их в 4 раза больше, чем нарциссов, но в 10 раз меньше, чем тюльпанов?"
11-F1-1-L6-gh3,11,6,609,Олимпиадная задача,"Сколько различных шестибуквенных слов можно составить из букв слова СКАЛКА, и сколько различных семибуквенных слов можно составить из букв слова ТЕФТЕЛЬ? Найдите частное от деления большего числа на меньшее."
9-A2c-2,9,6,611,"Логика, инварианты, стратегии","На доске написано число $1$. За ход разрешается либо прибавить $3$, либо умножить текущее число на $2$. Можно ли за несколько ходов получить число $2025$?"
9-A2c-1,9,6,612,"Квадратные уравнения, Виет, параметры","В колбе содержится 300 мл 40% раствора кислоты. Лаборант каждую минуту отливает 30 мл смеси и доливает 30 мл чистой воды, перемешивая. Через сколько минут после начала процесса концентрация кислоты в колбе станет меньше 10%? Ответ округлите"
9-G6-25,9,6,613,"Функции, последовательности и олимпиадные конструкции","Для положительных чисел $a,b,c$ докажите неравенство:
$\frac{a^2}{b+c}+\frac{b^2}{c+a}+\frac{c^2}{a+b}\ge \frac{3(ab+bc+ca)}{2(a+b+c)}.$
При каких $a,b,c$ достигается равенство?"
10-E4-11,10,6,616,"Системы, параметры и неравенства","Докажите, что система
$
\begin{cases}
x+y+z=3,\\
\frac1x+\frac1y+\frac1z=3
\end{cases}
$
в положительных действительных числах имеет единственное решение."
9-A2c-8,9,6,625,"Логика, инварианты, стратегии","У Сережи есть три сплава: первый содержит 10% меди, второй — 30% меди, третий — 50% меди. Сережа хочет получить 1 кг нового сплава с содержанием меди 40%. Для этого он берет некоторое количество первого сплава, вдвое большее (по массе) коли"
11-C6-23,11,6,626,"Многочлены, последовательности, функциональные уравнения","Пусть $P(x)=x^3+ax^2+bx+c$, где $a,b,c$ — целые числа. Известно, что $P(\sqrt{3})=0$ и $P(\sqrt{5})=0$. Найдите все возможные значения $P(1)$, если $|P(1)| < 1000$."
9-E1-11,9,6,631,Теория чисел,Найдите все целые решения уравнения $xy-x-y=5.$
10-E5-23,10,6,634,Теория чисел старшего уровня,"На доске написано число 10. За один ход разрешается либо умножить число на 2, либо прибавить к нему 8. Можно ли после нескольких ходов получить число, кратное 5?"
8-B2-5-L6-g678,8,6,635,Олимпиадная задача,"Петя выбрал 10 последовательных натуральных чисел и каждое записал либо красным, либо синим карандашом (оба цвета присутствуют). Может ли сумма наименьшего общего кратного всех красных чисел и наименьшего общего кратного всех синих чисел ок"
10-C6-22,10,6,641,Тригонометрия,"Пусть $P(x) = x^3 + ax^2 + bx + c$, где $a, b, c \in \mathbb{Z}$. Известно, что $P(1) = 1$, $P(2) = 2$, $P(3) = 3$, а $P(4) = 0$. Найдите все возможные значения $P(5)$."
9-H2-3,9,6,641,"Функции, последовательности и олимпиадные конструкции","Дана функция $f(x) = \frac{x^3 - 6x^2 + 11x - 6}{x^2 - 5x + 6}$ (при x ≠ 2, 3). Найдите все целые значения x, при которых f(x) является целым числом."
10-C1-1-L6-gh3,10,6,642,"Системы, параметры и неравенства","Найдите все значения параметра $a$, при которых система неравенств $\begin{cases} x^2 + y^2 \leq 4 \\ y \geq |x - a| \end{cases}$ имеет единственное решение."
9-G6-4,9,6,644,"Квадратные уравнения, Виет, параметры","Даны положительные числа $a, b, c$, удовлетворяющие условию $a+b+c=3$. Докажите неравенство:
$
\frac{a^2}{b+c} + \frac{b^2}{c+a} + \frac{c^2}{a+b} \geq \frac{3}{2}.
$"
8-A3-3-L6-gh5,8,6,648,Олимпиадная задача,"Существуют ли шесть различных натуральных чисел a, b, c, d, e, f таких, что справедливо равенство (a + b + c + d + e + f): − 1 a + 1 b + 1 c + 1 d + 1 $\neq$ + 1 f − = 2012?"
11-C4-1,11,6,652,Тригонометрия и смешанные уравнения,"Целые ненулевые числа $a$, $b$, $c$ таковы, что $a+b+c=9$ и $a^2+b^2+c^2=35$. Найдите значение выражения $\frac{a}{bc}+\frac{b}{ca}+\frac{c}{ab}.$"
9-H2-9,9,6,656,"Функции, последовательности и олимпиадные конструкции","Дана функция $f(x) = x^3 - 3x + 1$. Пусть $a$ — количество целых значений параметра $p$, при которых уравнение $f(x) = p$ имеет ровно три различных действительных корня, а $b$ — количество целых значений $p$, при которых уравнение $f(x) = p"
9-F8-23,9,6,657,"Квадратные уравнения, Виет, параметры","В пространстве расположено 2024 точки общего положения (никакие три не лежат на одной прямой, никакие четыре не лежат в одной плоскости). Каждую пару точек соединили отрезком и каждый отрезок покрасили в один из 7 цветов так, что никакая тр"
9-D1-4,9,6,661,Геометрия треугольника и окружности,"Найдите все натуральные числа $n$, для которых число $N = n^2 + 3n + 2$ делится на $n+5$, а число $M = n^3 + 2n$ делится на $n^2 + 1$."
7-E1-5-L6-g678,7,6,662,Делимость и остатки,"Найдите все натуральные числа $n$, для которых число $n^2+2n+3$ делится на $5$."
9-E1-1,9,6,669,Теория чисел,"У Пети есть 2025 одинаковых кубиков. Он хочет построить из них башню, состоящую из нескольких этажей. На каждом этаже он ставит несколько кубиков в ряд (все ряды параллельны). На первом этаже — ровно 1 кубик. На каждом следующем этаже колич"
9-A2-24,9,6,677,"Квадратные уравнения, Виет, параметры","Найдите все значения параметра $a$, при которых оба корня уравнения $x^2-(a+2)x+2a-3=0$ больше $1$."
8-F2-1-L6-g678,8,6,679,Олимпиадная задача,"На сторонах AB, BC, CA равностороннего треугольника ABC выбраны точки K, L, M
соответственно так, что AK = 1, BL = 2, CM = 3. Известно, что $\angle MKL$ = $60^\circ$. Найдите
сторону треугольника ABC.

[День 1]"
11-C6-9,11,6,680,"Многочлены, последовательности, функциональные уравнения","Пусть $P(x)=x^3+ax^2+bx+c$ — многочлен с целыми коэффициентами, причём $P(1)=P(-1)=-1$. Известно, что $P(x)$ имеет ровно один целый корень $x_0$, и этот корень лежит на отрезке $[-10,10]$. Найдите все возможные значения $x_0$ и соответствую"
9-C1-2,9,6,681,"Функции, последовательности и олимпиадные конструкции","Даны ненулевые числа $a, b, c$, удовлетворяющие системе $
\begin{cases}
a^2 + b^2 + c^2 = 9, \\
a^4 + b^4 + c^4 = 33, \\
\frac{1}{a^2} + \frac{1}{b^2} + \frac{1}{c^2} = \frac{5}{4}.
\end{cases}
$ Найдите значение выражения $\frac{a^2}{b^2c^"
9-E10-16,9,6,692,"Квадратные уравнения, Виет, параметры","В футбольном турнире участвовало 2024 команды. Каждая команда сыграла с каждой ровно один раз. За победу даётся 3 очка, за ничью — 1, за поражение — 0. Оказалось, что сумма очков всех команд равна 2024⋅2023. Докажите, что найдутся две коман"
10-D1-23,10,6,694,Стереометрия и векторы,"Найдите все натуральные числа $n$ такие, что число $n^{2} + 3n + 5$ делится на $n^{2} + n + 1$."
9-F13-19,9,6,695,"Квадратные уравнения, Виет, параметры","Найдите все действительные значения параметра $a$, при которых уравнение $x^2-2ax+a+2=0$ имеет два различных действительных корня, один из которых в два раза больше другого."
7-A1-3-L7-g678,7,7,260,"Выражения, степени, многочлены",Найдите значение выражения $(x^2-4x+4)(x^2+4x+4)-(x^2-4)^2$ при $x=123456789$.
10-A1-24,10,7,262,Показательные и логарифмические выражения,"На доске написано число 1. За один ход разрешается выбрать два записанных числа (возможно, одинаковых) и записать их сумму, если она ещё не встречалась. Какое минимальное количество ходов потребуется, чтобы получить число 2025?"
5-D3-31-L7-g,5,7,265,Текстовые задачи,"Маша и Даша собирали грибы. Когда Маша отдала Даше 5 грибов, у девочек стало грибов поровну. Сколько грибов было у Маши первоначально, если всего они собрали 30 грибов?"
6-B1-3-L7-g678,6,7,265,"Дроби, отношения, проценты","На складе есть три вида коробок: маленькие, средние и большие. Масса маленькой коробки относится к массе средней как $2:5$, а масса средней к массе большой как $3:7$. Найдите отношение массы маленькой коробки к массе большой. Ответ дайте в "
5-A2-3-L7-g5,5,7,266,Числа и делимость,"Найдите наименьшее натуральное число, которое при делении на 5 даёт остаток 4, при делении на 6 даёт остаток 5, а при делении на 7 даёт остаток 6."
9-E5-7,9,7,269,"Функции, последовательности и олимпиадные конструкции","Последовательность $a_n$ задана рекуррентно: $a_1 = 1$, $a_{n+1} = a_n + \frac{1}{a_n}$ для $n \ge 1$. Докажите, что $a_{100} > 14$."
6-E1-1-L7-g678,6,7,272,Олимпиадная задача,"Два пирата Джон и Билли делят клад из 180 золотых монет. Джон рисует на песке таблицу $3 \times 5 $ и раскладывает все монеты в её клетки. Затем Билли забирает себе все монеты из каких-нибудь четырёх клеток таблицы, образующих квадрат $2 \t"
8-C2-1-L7-g678,8,7,274,Системы и текстовые задачи,Из пункта A в пункт B выехал велосипедист со скоростью 15 км/ч. Через 1 час из пункта B в пункт A выехал второй велосипедист со скоростью 10 км/ч. Расстояние между A и B равно 60 км. Через какое время после выезда первого велосипедиста они 
5-A1-1-L7-g5,5,7,275,Числа и делимость,"Существует ли такое натуральное число $n$, что числа $n$ и $n+1$ оба делятся на 2025? Если да, приведите пример. Если нет, докажите."
9-F8-6,9,7,276,"Квадратные уравнения, Виет, параметры","На плоскости проведено 9 прямых, никакие две из которых не параллельны и никакие три не пересекаются в одной точке. Докажите, что среди треугольников, образованных этими прямыми, найдется такой, который не пересекается ни с одним из остальн"
6-E1-1-L7-gh1,6,7,278,"Геометрия, комбинаторика и логика","В треугольнике $ABC$ угол $A$ равен $60^\circ$, а угол $B$ равен $80^\circ$. На стороне $AB$ взята точка $D$ такая, что $\angle ACD = 30^\circ$. Найдите угол $BCD$."
5-C1-3-L7-g5,5,7,281,Геометрия и измерения,"Периметр квадрата равен 24 см. Квадрат разрезали на два прямоугольника так, что периметр одного из прямоугольников равен 16 см. Найдите периметр второго прямоугольника."
9-E14-18,9,7,281,Теория чисел,"Даны 2025 различных натуральных чисел, каждое из которых не превосходит 6075. Докажите, что среди них найдутся три числа, сумма которых делится на 6075."
6-E1-3-L7-g678,6,7,283,Олимпиадная задача,"У Карлсона есть три коробки, в каждой из которых лежит по 10 конфет. На одной коробке написано число 4, на другой — 7, на третьей — 10. За одну операцию Карлсон последовательно делает два действия: берёт из любой коробки количество конфет, "
7-C1-1-L7-g678,7,7,283,Функции и графики,"На координатной плоскости нарисован график линейной функции $y = kx + b$, проходящий через точки $A(1,3)$ и $B(-2,-3)$. Найдите $k$ и $b$."
11-E1-5-L7-g911,11,7,284,"Стереометрия, координаты и векторы",В кубе $ABCDA_1B_1C_1D_1$ с ребром 1 найдите расстояние от точки $A$ до плоскости $A_1BD$.
9-F2-L7-fill-0222,9,7,287,Комбинаторика и графы,"В стране 15 городов, некоторые пары соединены авиалиниями. Известно, что из любого города можно добраться до любого другого (возможно, с пересадками), но если закрыть любую одну авиалинию, то страна распадается на две компоненты связности. "
6-C1-5-L7-g678,6,7,288,Олимпиадная задача,"На доске написано выражение $7 * 6 * 5 * 4 * 3 * 2 * 1 $. Маша вместо звёздочек расставляет знаки «$+$» и «$-$». За один ход Ваня может поменять два подряд идущих знака на противоположные. Ваня хочет, чтобы спустя несколько его ходов получи"
8-C2-4-L7-g678,8,7,288,Системы и текстовые задачи,"Два велосипедиста выехали одновременно навстречу друг другу из пунктов A и B, расстояние между которыми 60 км. Скорость первого на 3 км/ч больше скорости второго. Найдите скорость каждого велосипедиста, если известно, что они встретились че"
7-C1-2-L7-g678,7,7,293,Олимпиадная задача,"Числа $d$ и $e$ являются корнями уравнения $x^2 - bx + c = 0 $, причём все числа $b, c, d, e$ натуральны. Известно, что $bcde = 5202 $. Какое наибольшее значение может принимать число $c$?"
7-E3-4-L7-g678,7,7,294,Делимость и остатки,"Найдите все простые числа $p$, для которых число $p^2+2$ также является простым."
7-F1-2-L7-g678,7,7,294,Комбинаторика и графы,"Сколько существует различных семизначных чисел, в записи которых цифры 1, 2, 3, 4, 5, 6, 7 встречаются ровно по одному разу, причём никакие две чётные цифры не стоят рядом?"
9-D12-21,9,7,294,"Системы, модули, радикалы, неравенства","Дана последовательность целых чисел $a_1, a_2, \dots, a_{2025}$, в которой $a_1 = 5$ и $|a_{k+1} - a_k| \in \{1, 2, 3\}$ для всех $k = 1, 2, \dots, 2024$. Докажите, что среди значений $a_1^2, a_2^2, \dots, a_{2025}^2$ найдётся хотя бы одна "
6-E2-4-L7-g678,6,7,299,"Геометрия, комбинаторика и логика","В квадрате $6 \times 6$ отметили 37 клеток. Докажите, что можно выбрать две отмеченные клетки, имеющие общую сторону."
5-E1-3-L7-g5,5,7,300,Комбинаторика и логика,"Сколько существует пятизначных чисел, в записи которых каждая следующая цифра больше предыдущей?"
9-E5-2,9,7,304,Теория чисел,"На стержне длиной 2025 сидят 2025 божьих коровок, каждая — на целочисленной координате от 1 до 2025 (все координаты различны). По сигналу каждая коровка начинает ползти со скоростью 1 единица в минуту в одну из сторон (влево или вправо). Ко"
10-A2-2-L7-g911,10,7,305,Показательные и логарифмические выражения,Решите уравнение $2^{2x+1} - 5 \cdot 2^{x} + 2 = 0$.
11-C3-3-L7-gh3,11,7,305,Неравенства и оценки,"Найдите наименьшее значение функции $f(x) = x^4 - 4x^3 + 6x^2 - 4x + 5$ на отрезке $[0, 3]$."
5-C3-35-L7-g,5,7,306,Геометрия и измерения,"Разрежьте квадрат $4\times4$ на две равные части по линиям клеток так, чтобы одна из частей содержала ровно три угловые клетки квадрата. Сколько клеток будет в каждой части?"
7-B2-4-L7-g678,7,7,308,Линейные уравнения и системы,"Найдите все пары целых чисел $(x, y)$, удовлетворяющие системе уравнений:
\[\begin{cases} 3x + 2y = 11 \\ 2x - y = 5 \end{cases}\]"
7-E3-2-L7-g678,7,7,308,Делимость и остатки,"Найдите все простые числа $p$, для которых число $p^2+2$ также является простым."
8-C2-1-L7-gh2,8,7,308,Системы и текстовые задачи,"Два велосипедиста стартуют одновременно из пунктов A и B навстречу друг другу. Первый проезжает расстояние между A и B за 2 часа, второй — за 3 часа. Через какое время после старта они встретятся?"
7-D3-2-L7-g678,7,7,309,Геометрия треугольников и углов,"В равнобедренном треугольнике $ABC$ с основанием $AC$ проведена медиана $BD$. Известно, что $\angle ABD = 20^\circ$. Найдите угол $\angle ABC$."
8-B2-3-L7-g678,8,7,309,Неравенства и преобразования,"Докажите, что для любых действительных чисел $a$, $b$, $c$ выполнено неравенство $a^2+b^2+c^2 \geq ab+bc+ca$."
7-A1-2-L7-gh2,7,7,310,"Выражения, степени, многочлены","Найдите значение выражения $(x^2 - y^2)^2 - (x^2 + y^2)^2$ при $x = \sqrt{3}$, $y = \sqrt{2}$."
6-D3-3-L7-g678,6,7,311,Олимпиадная задача,"В каждой клетке первого столбца клетчатой доски $9 \times 9 $ стоит белая пешка, а в каждой клетке последнего столбца — чёрная пешка. Каждую минуту разрешается сдвинуть одну произвольную пешку на соседнюю по стороне клетку, если та свободна"
7-E2-2-L7-g678,7,7,315,Делимость и остатки,"Может ли сумма трёх натуральных чисел, каждое из которых является квадратом натурального числа, быть нечётной? Если да, приведите пример, если нет, объясните почему."
5-B2-34-L7-g,5,7,318,"Дроби, доли, проценты","В магазине в понедельник цена на товар была повышена на 20%, а во вторник снижена на 20%. В среду цену снова повысили на 20%, а в четверг снизили на 20%. На сколько процентов изменилась цена товара к пятнице по сравнению с первоначальной?"
6-D3-1-L7-g678,6,7,320,Уравнения и текстовые задачи,"У Пети было несколько орехов. Он отдал половину своих орехов Васе, затем половину оставшихся — Коле, и после этого у него осталось 5 орехов. Сколько орехов было у Пети сначала?"
8-D1-5-L7-g678,8,7,321,Функции и графики,"Найдите все значения параметра $a$, при каждом из которых вершина параболы $y = x^2 - 2ax + a^2 + 1$ лежит на прямой $y = 2x - 3$."
7-D2-1-L7-g678,7,7,324,Геометрия треугольников и углов,"В треугольнике $ABC$ на стороне $BC$ выбрана точка $D$ такая, что $\angle BAD = \angle CAD$. Известно, что $AB = 7$, $AC = 9$, $BC = 10$. Найдите $BD$."
9-E2-1-L7-g911,9,7,324,Теория чисел,Найдите все целые решения уравнения $x^2 + 2y^2 = 1$.
5-D1-5-L7-g5,5,7,325,Текстовые задачи,Из пункта $A$ в пункт $B$ выехал велосипедист со скоростью $15$ км/ч. Через $2$ часа из $A$ в том же направлении выехал мотоциклист со скоростью $45$ км/ч. На каком расстоянии от $A$ мотоциклист догонит велосипедиста?
7-F3-2-L7-g678,7,7,325,Комбинаторика и графы,"В шахматном турнире участвовали 7 школьников. Каждый сыграл с каждым ровно одну партию. За победу давалось 1 очко, за ничью — 0,5, за поражение — 0. После турнира оказалось, что все участники набрали различное количество очков. Докажите, чт"
6-A3-4-L7-g678,6,7,326,"Числа, делимость, НОД/НОК","Найдите наименьшее натуральное число, которое при делении на 3 даёт остаток 2, при делении на 4 даёт остаток 3, а при делении на 5 даёт остаток 4."
11-C3-2-L7-gh3,11,7,330,Неравенства и оценки,"Найдите наименьшее значение выражения $\frac{x^2 + y^2 + z^2}{xy + yz + zx}$ для положительных чисел $x, y, z$, удовлетворяющих условию $x + y + z = 3$."
5-D1-3-L7-g5,5,7,331,Олимпиадная задача,"Комната имеет форму прямоугольного треугольника с наибольшей стороной 5 м. Пчела из одного острого угла летит по прямой, поворачивая на $90^{\circ}$ при ударе о стену. После десятого удара она останавливается. Может ли пчела пролететь больш"
7-E3-5-L7-g678,7,7,331,Делимость и остатки,"Найдите все простые числа $p$, для которых число $p^2+2$ также является простым."
7-G1-5-L7-g678,7,7,334,Логика и инварианты,В ряд выписаны числа от 1 до 10. Разрешается прибавить 1 к любым двум соседним числам. Можно ли сделать все числа равными?
6-A1-1-L7-gh5,6,7,338,"Числа, делимость, НОД/НОК","Натуральные числа $a$ и $b$ таковы, что $\text{НОД}(a,b)=6$, а $\text{НОК}(a,b)=420$. Сколько существует различных пар $(a,b)$ (порядок не важен)?"
8-F3-L7-fill-0134,8,7,342,Теория чисел: остатки и диофантовы,"Найдите наименьшее натуральное число $n$, для которого $n^2+5n+6$ делится на $n+7$."
5-D3-35-L7-g,5,7,344,Текстовые задачи,"Маша загадала число. Если к нему прибавить 15, результат умножить на 2, затем вычесть 6 и разделить на 3, то получится 20. Какое число загадала Маша?"
7-B2-2-L7-g678,7,7,346,Линейные уравнения и системы,"Найдите все пары натуральных чисел $(x, y)$, удовлетворяющие системе уравнений: 
\begin{cases} 
x + y = 12, \\ 
xy = 35.
\end{cases}"
10-D3-2-L7-g911,10,7,349,Олимпиадная задача,"На доске записаны три простых числа (не обязательно различных). Денис заметил, что их сумма и произведение отличаются в 59 раз. Чему может быть равна сумма трёх чисел на доске? Укажите все возможные варианты."
9-E14-1,9,7,349,Комбинаторика и графы,"На доске написаны 2025 натуральных чисел, каждое не больше 99. Докажите, что из них можно выбрать 20 чисел, произведение которых является точным квадратом."
6-B2-3-L7-g678,6,7,350,"Дроби, отношения, проценты","В магазине продаётся два вида кофе: арабика и робуста. Если смешать 3 кг арабики и 2 кг робусты, то получится смесь стоимостью 800 рублей за кг. Если смешать 2 кг арабики и 3 кг робусты, то получится смесь стоимостью 750 рублей за кг. Сколь"
7-F3-4-L7-g678,7,7,350,Комбинаторика и графы,"В классе 25 учеников. Каждый ученик записал на листке количество своих друзей в классе (дружба взаимна). Докажите, что среди 25 полученных чисел найдутся два равных."
10-E3-1-L7-g911,10,7,351,Теория чисел старшего уровня,"Найдите все натуральные числа $n$, для которых $n^4+4^n$ является простым числом."
6-E2-3-L7-g678,6,7,354,"Геометрия, комбинаторика и логика","В коробке лежат 10 красных, 12 синих и 15 зелёных карандашей. Какое наименьшее количество карандашей нужно взять не глядя, чтобы среди них гарантированно оказалось хотя бы 6 карандашей одного цвета?"
9-E14-22,9,7,356,Олимпиадная задача,"Сумма пяти натуральных чисел $a, b, c, d, e$ равна $2023$. Какое наименьшее значение может принять наибольшая из сумм $a+b, b+c, c+d, d+e$?"
6-D3-4-L7-g678,6,7,360,Уравнения и текстовые задачи,"У Пети и Васи было поровну конфет. Петя отдал Васе 5 конфет, после чего у Васи стало в 3 раза больше конфет, чем у Пети. Сколько конфет было у каждого мальчика первоначально?"
7-F1-4-L7-g678,7,7,362,Комбинаторика и графы,"Сколько существует различных девятизначных чисел, в записи которых используются только цифры 1, 2 и 3, причём никакие две одинаковые цифры не стоят рядом?"
8-E3-4-L7-g678,8,7,362,Геометрия: подобие и окружность,"В окружности проведены две хорды $AB$ и $CD$, пересекающиеся в точке $M$. Известно, что $AB = 10$, $CM = 2$, $DM = 8$. Найдите длину отрезка $AM$, если известно, что $AM > BM$."
9-E5-21,9,7,364,Теория чисел,"Найдите все натуральные числа $n$, для которых $n^2+1$ делится на $n+5$."
7-E2-3-L7-g678,7,7,365,Делимость и остатки,"Можно ли разменять купюру в 500 рублей 40 монетами достоинством 2 рубля и 5 рублей так, чтобы количество двухрублёвых монет было нечётным?"
8-B1-5-L7-g678,8,7,367,Неравенства и преобразования,"Найдите все целые числа $x$, удовлетворяющие неравенству $|x-2| + |x+3| \leq 5$."
8-E2-L7-fill-0140,8,7,367,Геометрия: подобие и окружность,"В окружности с центром $O$ проведены хорды $AB$ и $CD$, пересекающиеся в точке $M$. Известно, что $\angle AMC = 60^\circ$, $AM = 4$, $MB = 9$, $CM = 6$. Найдите $MD$."
11-E1-1-L7-g911,11,7,368,"Стереометрия, координаты и векторы","Даны точки $A(1,2,3)$, $B(4,5,6)$, $C(7,8,9)$. Найдите координаты точки $D$ такой, что векторы $\vec{AB}$ и $\vec{CD}$ коллинеарны и $|\vec{CD}| = 2|\vec{AB}|$."
11-F3-1-L7-g911,11,7,368,Теория чисел и диофантовы задачи,"Найдите все тройки натуральных чисел $(x, y, z)$, для которых $x^3 + y^3 + z^3 = 3xyz$ и $x + y + z = 30$."
5-B1-1-L7-g5,5,7,368,"Дроби, доли, проценты","В коробке лежат красные, синие и зелёные шары. Известно, что 1/3 всех шаров — красные, 2/5 всех шаров — синие, а зелёных шаров ровно 8. Сколько всего шаров в коробке?"
5-D1-4-L7-g5,5,7,369,Текстовые задачи,"Из двух городов A и B, расстояние между которыми 300 км, одновременно навстречу друг другу выехали два автомобиля. Скорость первого автомобиля 60 км/ч, скорость второго — 40 км/ч. Через сколько часов после начала движения расстояние между а"
10-D2-2-L7-g911,10,7,371,Стереометрия и векторы,"В правильной четырёхугольной пирамиде $SABCD$ с вершиной $S$ сторона основания равна $2$, а боковое ребро равно $\sqrt{7}$. Найдите объём пирамиды."
7-A2-3-L7-g678,7,7,371,"Выражения, степени, многочлены","Найдите все пары целых чисел $(x, y)$, для которых выполняется равенство $x^2 - 4xy + 5y^2 - 6y + 9 = 0$."
8-E1-5-L7-g678,8,7,371,Геометрия: подобие и окружность,"В треугольнике $ABC$ на стороне $BC$ выбрана точка $K$ так, что $BK:KC=1:2$. На отрезке $AK$ выбрана точка $M$ так, что $AM:MK=3:1$. Прямая $BM$ пересекает сторону $AC$ в точке $N$. Найдите отношение $AN:NC$."
7-F2-5-L7-g678,7,7,374,Комбинаторика и графы,"На вечеринке каждый мальчик пожал руку каждой девочке ровно один раз. Всего было сделано 72 рукопожатия. Сколько мальчиков и сколько девочек могло быть на вечеринке? Укажите все возможные пары чисел (количество мальчиков, количество девочек"
9-E3-L7-fill-0231,9,7,375,Теория чисел,"Найдите все простые числа $p$ такие, что $p^2+2$ и $p^2+4$ также являются простыми."
8-C1-3-L7-gh5,8,7,378,Системы и текстовые задачи,"Найдите все тройки целых чисел $(x,y,z)$, удовлетворяющие системе: $\begin{cases} x+y+z = 0 \\ x^3+y^3+z^3 = 3xyz \end{cases}$."
5-E2-31-L7-g,5,7,379,Комбинаторика и логика,А сказал: «Б — лжец». Б сказал: «А и В одного типа». В сказал: «А — рыцарь». Кто А?
6-C1-3-L7-g678,6,7,386,Целые числа и координаты,"На координатной прямой отмечены точки $A$, $B$, $C$ с целыми координатами. Расстояние от $A$ до $B$ равно 5, от $B$ до $C$ равно 3, а от $A$ до $C$ равно 8. Найдите все возможные координаты точки $C$, если известно, что точка $A$ имеет коор"
5-D3-32-L7-g,5,7,387,Текстовые задачи,"Маша задумала число. Если к этому числу прибавить 15, затем результат умножить на 4, потом вычесть 20 и разделить на 5, то получится 10. Какое число задумала Маша?"
10-D2-4-L7-g911,10,7,388,Стереометрия и векторы,"В правильной четырёхугольной пирамиде $SABCD$ с вершиной $S$ сторона основания $AB = 6$, боковое ребро $SA = 5$. Найдите объём пирамиды."
9-B3-L7-fill-0232,9,7,388,"Системы, модули, радикалы, неравенства",Решите уравнение: $\sqrt{x+3} + \sqrt{6-x} = 3$.
7-A2-2-L7-gh2,7,7,392,"Выражения, степени, многочлены","Найдите все целые числа $x$ и $y$, для которых выполняется равенство $x^2 + y^2 = (x+y)^2 - 2xy$ и $x^2 + y^2 = 2$."
7-E2-5-L7-g678,7,7,392,Делимость и остатки,"Можно ли расставить в клетках таблицы $3 \times 3$ целые числа так, чтобы сумма чисел в каждой строке была чётной, а сумма чисел в каждом столбце — нечётной?"
7-A3-4-L7-g678,7,7,393,"Выражения, степени, многочлены",Разложите на множители многочлен: $x^3 + 2x^2 - 5x - 6$.
8-G1-L7-fill-0135,8,7,394,"Комбинаторика, логика, инварианты","Найдите количество трёхзначных чисел, в записи которых есть ровно две одинаковые цифры, а третья отличается."
7-C1-5-L7-g678,7,7,395,Функции и графики,"Даны две линейные функции: $f(x)=kx+b$ и $g(x)=px+q$. Известно, что $f(1)=g(3)$, $f(2)=g(2)$, $f(3)=g(1)$. Найдите $k/p$, если $k \neq 0$, $p \neq 0$."
10-D2-1-L7-g911,10,7,401,Стереометрия и векторы,"В правильной треугольной пирамиде $SABC$ ($S$ — вершина) проведена плоскость, параллельная основанию $ABC$ и пересекающая боковые ребра $SA$, $SB$, $SC$ в точках $A_1$, $B_1$, $C_1$ соответственно. Известно, что объем пирамиды $SA_1B_1C_1$ "
5-B1-5-L7-g5,5,7,401,"Дроби, доли, проценты","У Пети есть несколько одинаковых квадратных листов бумаги. Он разрезал каждый лист на 4 равных квадрата, а затем каждый полученный квадрат разрезал на 4 равных квадрата. После этого у него оказалось 80 квадратов размером 5 см × 5 см. Какой "
5-A2-5-L7-g5,5,7,406,Числа и делимость,"Найдите наименьшее натуральное число, которое при делении на 2 даёт остаток 1, при делении на 3 даёт остаток 2, при делении на 4 даёт остаток 3, при делении на 5 даёт остаток 4, при делении на 6 даёт остаток 5, а на 7 делится нацело."
5-B2-31-L7-g,5,7,406,"Дроби, доли, проценты","В магазине в понедельник цена на товар была повышена на 20%, а во вторник — снижена на 20%. В среду цену снова повысили на 20%, а в четверг — снизили на 20%. На сколько процентов изменилась цена товара к пятнице по сравнению с первоначально"
8-F2-2-L7-g678,8,7,407,Теория чисел: остатки и диофантовы,"Найдите все пары натуральных чисел $(x,y)$, удовлетворяющие уравнению $x^2 - 4y^2 = 5$."
6-B3-5-L7-g678,6,7,409,"Дроби, отношения, проценты","В первый день продали $\frac{2}{5}$ всех фруктов, во второй — $\frac{1}{3}$ оставшихся, после чего осталось 120 кг. Сколько килограммов фруктов было первоначально?"
8-C1-2-L7-g678,8,7,410,Системы и текстовые задачи,Решите систему уравнений: $\begin{cases} x^2 + xy + y^2 = 7 \\ x^2 - xy + y^2 = 3 \end{cases}$.
8-C3-4-L7-g678,8,7,410,Системы и текстовые задачи,"В магазине в понедельник цена на товар была повышена на $p\%$, а во вторник снижена на $p\%$. В результате цена стала на $1\%$ меньше первоначальной. Найдите $p$."
6-C3-3-L7-g678,6,7,411,Целые числа и координаты,"На координатной плоскости отмечены точки $A(1,2)$, $B(5,2)$, $C(5,6)$ и $D(1,6)$. Сколько существует точек с целыми координатами, лежащих внутри квадрата $ABCD$ (не на границе), таких что сумма расстояний от этой точки до всех четырёх сторо"
10-B1-5-L7-g911,10,7,414,Тригонометрия,"Докажите тождество: $\frac{\sin^4 x + \cos^4 x - 1}{\sin^6 x + \cos^6 x - 1} = \frac{2}{3}$ для всех $x$, при которых знаменатель не равен нулю."
9-F11-23,9,7,414,Комбинаторика и графы,"Дан квадрат со стороной 10. Можно ли разрезать его на 2025 одинаковых прямоугольников так, чтобы площадь каждого прямоугольника была целым числом?"
6-D1-1-L7-g678,6,7,415,Уравнения и текстовые задачи,"На складе было 120 кг яблок. После того как в первый день продали в 2 раза больше яблок, чем во второй, а в третий день продали на 15 кг меньше, чем в первый, осталось 10 кг яблок. Сколько килограммов яблок продали в каждый из трёх дней?"
6-B3-1-L7-gh1,6,7,417,"Дроби, отношения, проценты","В сосуде находится 10 литров 30% раствора соли. Из сосуда отливают некоторое количество раствора и доливают столько же воды, после чего концентрация соли становится 20%. Сколько литров раствора отлили?"
6-C2-2-L7-g678,6,7,417,Целые числа и координаты,"На координатной прямой отмечены точки $A$, $B$, $C$ и $D$ с целыми координатами. Известно, что $A$ лежит левее $B$, $B$ левее $C$, а $C$ левее $D$. Расстояние между $A$ и $C$ равно $5$, между $B$ и $D$ равно $7$. Какое наименьшее возможное "
10-G1-2-L7-gst2,10,7,421,"Логика, множества, функции и отображения","Даны два множества точек на плоскости: $A = \{(x, y) \mid x^2 + y^2 \leq 1\}$ и $B = \{(x, y) \mid |x| + |y| \leq 1\}$. Найдите площадь множества $A \setminus B$."
7-E1-1-L7-g678,7,7,421,Делимость и остатки,"Найдите наименьшее натуральное число, которое при делении на 5 даёт остаток 4, при делении на 7 даёт остаток 6, а при делении на 9 даёт остаток 8."
5-D2-32-L7-g,5,7,424,Текстовые задачи,"Два землекопа должны выкопать траншею. Если бы первый работал один, он бы выкопал траншею за 6 часов. Если бы второй работал один, он бы выкопал за 4 часа. Сначала первый работал один, а затем его сменил второй, и вся работа была выполнена "
9-B2-2-L7-g911,9,7,426,"Системы, модули, радикалы, неравенства",Решите уравнение: $|x-1| + |x+2| = 3$.
10-C1-2-L7-gh3,10,7,428,"Системы, параметры и неравенства","При каких значениях параметра $a$ система уравнений
$$\begin{cases} x^2 + y^2 = 1, \\ x + y = a \end{cases}$$
имеет ровно два различных решения?"
6-D3-2-L7-g678,6,7,428,Олимпиадная задача,"В комнату с чистой доской зашли Аня и Боря. Аня написала: «В этой строке не больше, чем... буквы». Боря написал: «Если подсчитать все слова, написанные на этой доске, то всего получится... слов». Известно, что предложения записаны по всем п"
6-B3-3-L7-gh1,6,7,429,"Дроби, отношения, проценты","Имеется два сплава. Первый сплав содержит 10% никеля, второй — 30% никеля. Из этих двух сплавов получили третий сплав массой 200 кг, содержащий 25% никеля. На сколько килограммов масса первого сплава меньше массы второго?"
5-D2-33-L7-g,5,7,434,Текстовые задачи,"Маша и Даша вместе могут прополоть грядку за 6 часов. Если Маша будет работать одна, то она прополет грядку на 5 часов быстрее, чем Даша. За сколько часов прополет грядку Даша, работая одна?"
7-E3-3-L7-g678,7,7,435,Делимость и остатки,"Найдите все простые числа $p$, для которых число $p^2+2$ также является простым."
9-G6-13,9,7,439,Комбинаторика и графы,"В классе 25 человек. Каждый мальчик дружит ровно с 5 девочками, а каждая девочка — ровно с 4 мальчиками. Сколько в классе мальчиков и сколько девочек?"
9-D1b-18,9,7,443,"Квадратные уравнения, Виет, параметры","Существует ли бесконечно много таких прямоугольных треугольников с целыми сторонами, что их площадь равна периметру? Если да, опишите бесконечную серию таких треугольников."
9-F11-9,9,7,444,"Логика, инварианты, стратегии","Дан прямоугольник размером $5 \times 7$. Разрежьте его на 8 частей так, чтобы из всех этих частей можно было сложить два квадрата: один со стороной 3, а другой со стороной 4. Части могут быть любой формы, но должны быть многоугольниками с ц"
8-B3-3-L7-g678,8,7,446,Неравенства и преобразования,"Для положительных чисел $a$, $b$, $c$ докажите неравенство: $\frac{a}{b+c} + \frac{b}{c+a} + \frac{c}{a+b} \geq \frac{3}{2}$."
8-F2-5-L7-g678,8,7,447,Теория чисел: остатки и диофантовы,"Найдите все пары целых чисел $(x, y)$, удовлетворяющие уравнению $x^2 - 4xy + 5y^2 = 2$."
9-D10-25,9,7,447,Геометрия треугольника и окружности,"Даны натуральные числа $a$ и $b$. Известно, что $v_p(a!)=v_p(b!)$ для всех простых $p$. Обязательно ли $a=b$? Ответ обоснуйте."
5-C2-2-L7-g5,5,7,454,Геометрия и измерения,"На плоскости нарисованы 10 отрезков. Каждый отрезок пересекается ровно с четырьмя другими. Какое наименьшее количество точек пересечения может быть? (Пересечениями считаются только точки, в которых пересекаются два отрезка, никакие три отре"
8-B3-5-L7-g678,8,7,457,Неравенства и преобразования,"Для положительных чисел $a$, $b$, $c$ докажите неравенство $\frac{a}{b+c} + \frac{b}{c+a} + \frac{c}{a+b} \ge \frac{3}{2}$."
5-E3-32-L7-g,5,7,463,Комбинаторика и логика,"В ряд выложены 7 монет. Среди них есть одна фальшивая (легче настоящей) и одна настоящая. Как за два взвешивания на чашечных весах без гирь определить, какая монета фальшивая?"
10-C5a-22,10,7,467,Тригонометрия,"Решите на отрезке $[0,2\pi)$ уравнение $\sin 2x=\sin x.$"
7-G1-2-L7-g678,7,7,467,Логика и инварианты,На доске написано число 123456789. Разрешается к числу прибавить его сумму цифр или вычесть из него его сумму цифр. Можно ли получить число 123456788?
6-D2-4-L7-g678,6,7,468,Уравнения и текстовые задачи,"Петя и Вася бегут по круговой дорожке длиной 400 метров. Петя бежит со скоростью 5 м/с, Вася — со скоростью 3 м/с. Они стартуют одновременно из одной точки в противоположных направлениях. Через какое наименьшее время (в секундах) после стар"
9-D10-3,9,7,470,Теория чисел,Пусть $p>2$ — простое число. Для натурального $k$ найдите $v_p\big((p+1)^{p^k}-1\big)$.
10-G2-6-L7-gf,10,7,471,"Логика, множества, функции и отображения","Существует ли функция $f: \mathbb{R} \to \mathbb{R}$ такая, что для любых $x, y \in \mathbb{R}$ выполнено равенство $f(x+y) = f(x) + f(y) + 1$? Если да, приведите пример; если нет, докажите невозможность."
5-B2-33-L7-g,5,7,472,"Дроби, доли, проценты","В магазине в понедельник цена на товар была повышена на 20%, а во вторник снижена на 20%. В среду цену снова повысили на 20%, а в четверг снизили на 20%. На сколько процентов итоговая цена отличается от первоначальной? Ответ дайте в процент"
8-E3-2-L7-g678,8,7,472,Геометрия: подобие и окружность,"В окружности проведены хорды $AB$ и $CD$, пересекающиеся в точке $E$. Известно, что $AE = 4$, $EB = 9$, $CE = 3$, а угол $AED$ равен $60^\circ$. Найдите длину хорды $CD$."
9-F5-14,9,7,474,"Функции, последовательности и олимпиадные конструкции","В треугольнике $ABC$ проведена высота $AH$. Точка $O$ — центр описанной окружности треугольника $ABC$. Окружность с центром $A$ и радиусом $AH$ пересекает прямую $BO$ в точках $X$ и $Y$. Докажите, что $BX\cdot BY=BH^2$."
6-D3-5-L7-g678,6,7,475,Олимпиадная задача,"На доске написаны числа от 1 до 2021. Денис хочет выбрать среди них 1011 так, чтобы сумма любых двух не равнялась 2021 или 2022. Сколько существует способов это сделать?"
11-C6-17,11,7,476,"Многочлены, последовательности, функциональные уравнения","Пусть $P(x) = x^3 + ax^2 + bx + c$ — многочлен с целыми коэффициентами, причём $P(1) = 10$ и $P(-1) = 6$. Известно, что $ac=16$. Докажите, что уравнение $P(x) = 0$ имеет хотя бы один целочисленный корень."
5-D2-35-L7-g,5,7,477,Текстовые задачи,"Два насоса наполняют бассейн за 6 часов. Первый насос наполняет бассейн на 5 часов быстрее, чем второй. За сколько часов наполнит бассейн второй насос?"
6-A2-4-L7-g678,6,7,477,"Числа, делимость, НОД/НОК","Найдите все трёхзначные числа, которые при делении на 11 дают в остатке 5, а при делении на 13 дают в остатке 7. В ответ запишите количество таких чисел."
7-G3-5-L7-g678,7,7,480,Логика и инварианты,"На столе лежит 2023 конфеты. Два игрока ходят по очереди. За один ход можно взять 1, 2 или 3 конфеты. Проигрывает тот, кто не может сделать ход. Кто выигрывает при правильной игре?"
11-G1-9,11,7,486,"Комбинаторика, графы, логика","Даны положительные числа $a_1, a_2, \dots, a_{100}$. Известно, что для любого $k = 1, 2, \dots, 100$ выполняется неравенство
\[
a_1 a_2 \c\dots a_k \geqslant \left(\frac{a_1 + a_2 + \dots + a_k}{k}\right)^k.
\]
Докажите, что $a_1 = a_2 = \d"
7-A2-5-L7-g678,7,7,487,"Выражения, степени, многочлены",При каких значениях параметра $a$ выражение $\frac{a^2 - 4}{a^2 - 4a + 4}$ принимает целые значения?
5-A3-32-L7-g,5,7,492,Олимпиадная задача,"Найдите периметр зелёной фигуры, если известно, что диаметр круга равен 12, а все прямоугольники, образующие сетку, — одинаковые."
5-C3-33-L7-g,5,7,497,Геометрия и измерения,"Разрежьте квадрат $4 \times 4$ на четыре части одинаковой площади и формы так, чтобы каждая часть содержала ровно одну из четырёх букв: A, B, C, D, расположенных в клетках (1,1), (1,4), (4,1), (4,4) соответственно (нумерация строк и столбцо"
7-C3-1-L7-g678,7,7,497,Функции и графики,"На координатной плоскости нарисован график функции $y = x^2 - 4x + 3$. Сколько существует различных прямых, параллельных оси $Ox$, которые пересекают этот график ровно в одной точке?"
8-B3-1-L7-g678,8,7,499,Неравенства и преобразования,"Для положительных чисел $a$, $b$, $c$ докажите неравенство: $\frac{a}{b+c} + \frac{b}{c+a} + \frac{c}{a+b} \geq \frac{3}{2}$."
9-E4-22,9,7,499,Комбинаторика и графы,"В неориентированном графе 15 вершин, и степень каждой вершины не меньше 8. Докажите, что в этом графе обязательно найдётся треугольник."
8-C3-2-L7-g678,8,7,501,Системы и текстовые задачи,"В магазине в понедельник цена на товар была повышена на некоторое количество процентов, а во вторник снижена на то же количество процентов. В результате цена товара во вторник составила 96% от первоначальной цены в воскресенье. На сколько п"
8-C3-3-L7-g678,8,7,506,Системы и текстовые задачи,"В магазине в понедельник цена на товар была повышена на некоторое число процентов, а во вторник снижена на то же самое число процентов. В результате цена товара стала на 4% меньше, чем исходная. На сколько процентов была повышена цена в пон"
8-C3-5-L7-g678,8,7,506,Системы и текстовые задачи,"В городе N в январе 2020 года цена на бензин марки А-92 составляла 45 рублей за литр. В течение года цена несколько раз менялась: сначала она повысилась на некоторое число процентов, затем понизилась на то же число процентов, и к концу года"
7-F2-1-L7-g678,7,7,507,Комбинаторика и графы,"В городе N есть 20 школ. Каждая школа отправила делегацию на городскую олимпиаду. Известно, что любые две делегации имеют ровно одного общего участника, и каждый участник представляет ровно две школы. Сколько всего участников олимпиады?"
7-E1-5-L7-g678,7,7,508,Делимость и остатки,"Найдите наименьшее натуральное число, которое при делении на 3 даёт остаток 2, при делении на 4 даёт остаток 3, при делении на 5 даёт остаток 4, а при делении на 7 даёт остаток 6."
10-A2-7-L7-gf,10,7,509,Олимпиадная задача,"Точка M — середина гипотенузы AC прямоугольного равнобедренного треугольника ABC, N — середина отрезка CM. Прямая BN пересекает описанную окружность треугольника ABC в точке D. Найдите площадь треугольника ACD, если AB = 10."
6-E2-5-L7-g678,6,7,511,Олимпиадная задача,"Все делители натурального числа n выписали в строку в порядке возрастания от 1 до самого n. Оказалось, что предпоследнее число в строке в 101 раз больше второго. Для какого наибольшего n это возможно?"
7-A1-1-L7-g678,7,7,511,"Выражения, степени, многочлены","Найдите все тройки целых чисел $(x, y, z)$, удовлетворяющие уравнению $x^2 + y^2 + z^2 = 2xyz$."
10-D3-3-L7-g911,10,7,513,Олимпиадная задача,"Сумма нескольких (не обязательно различных) действительных чисел из отрезка [0,1] не превышает S. Найдите наибольшее действительное значение S, при котором эти числа гарантированно можно разделить на две группы, сумма чисел в одной из котор"
8-D1-3-L7-g678,8,7,513,Функции и графики,"Найдите все значения параметра $a$, при которых вершина параболы $y = 2x^2 - 4ax + a^2 + 1$ лежит на прямой $y = 3x - 2$."
10-C1-L7-fill-0290,10,7,516,"Системы, параметры и неравенства","Найдите все значения параметра $a$, при которых система уравнений $$\begin{cases} x^2 + y^2 = 4, \\ x + y = a \end{cases}$$ имеет ровно два различных решения."
9-A2-6,9,7,523,"Квадратные уравнения, Виет, параметры","Найдите все значения параметра $a$, при которых корни уравнения $x^2-(a+3)x+a+2=0$ отличаются на $1$."
8-A1-4-L7-g678,8,7,524,Олимпиадная задача,"Точка M — середина стороны AB квадрата ABCD. Через M провели прямую, она пересекла сторону BC в точке N. Оказалось, что расстояние от точки A до прямой M N равно 3, а расстояние от точки C до прямой M N равно 8. Найдите площадь квадрата ABC"
11-D2-3-L7-gh3,11,7,527,"Функции, графики и параметры","Найдите все значения параметра $a$, при которых уравнение $\sqrt{x^2-4x+5} + \sqrt{x^2-4x+8} = a$ имеет ровно одно решение."
11-E6-24,11,7,529,Олимпиадная задача,"Составителям олимпиады в качестве зарплаты достались 99 бубликов. Первый взял 1, 2 или 3 бублика. Второй забрал на один больше или на один меньше, чем первый. Третий — на один больше или на один меньше, чем второй. И так далее: каждый челов"
5-A3-31-L7-g,5,7,529,Числа и делимость,"Найдите все трёхзначные числа, которые больше суммы своих цифр в 12 раз."
8-G3-3-L7-g678,8,7,530,"Комбинаторика, логика, инварианты","Двое по очереди ставят королей на шахматную доску $8\times8$ так, чтобы они не били друг друга. Проигрывает тот, кто не может сделать ход. Кто выигрывает при правильной игре?"
11-F8-23,11,7,531,Неравенства и оценки,"Существует ли выпуклый многогранник, у которого ровно 7 граней, все грани — треугольники, и из каждой вершины выходит не менее 4 ребер? Ответ обоснуйте."
7-G1-1-L7-g678,7,7,533,Логика и инварианты,"На доске написаны числа 1, 2, 3, ..., 20. Разрешается выбрать любые два числа $a$ и $b$ и заменить их на число $a+b+ab$. Можно ли после нескольких таких операций получить число 2023?"
7-F3-1-L7-g678,7,7,535,Комбинаторика и графы,"Дано 7 натуральных чисел. Докажите, что из них можно выбрать три числа, сумма которых делится на 3."
9-D1-7,9,7,536,Геометрия треугольника и окружности,"Найдите все простые числа $n$, для которых число $10^n+5^n$ делится на $n$."
6-C2-3-L7-g678,6,7,541,Целые числа и координаты,"На координатной прямой отмечены точки $A$, $B$, $C$ и $D$ с целыми координатами. Известно, что $A$ лежит левее $B$, $C$ лежит между $A$ и $B$, а $D$ лежит правее $B$. Может ли сумма расстояний от $A$ до $C$ и от $C$ до $B$ быть меньше расст"
8-E2-L7-fill-0140,8,7,541,Геометрия: подобие и окружность,"В окружности с центром $O$ проведены хорды $AB$ и $CD$, пересекающиеся в точке $M$. Известно, что $\angle AMC = 60^\circ$, $AM = 4$, $MB = 6$, $CM = 5$. Найдите $DM$."
5-D2-31-L7-g,5,7,542,Текстовые задачи,"Два маляра, работая вместе, могут покрасить забор за 6 часов. Если бы первый маляр работал один, то он покрасил бы забор на 5 часов быстрее, чем второй. За сколько часов может покрасить забор первый маляр, работая один?"
9-F4-17,9,7,544,Геометрия треугольника и окружности,"В треугольнике $ABC$ медианы пересекаются в точке $O$. Через точку $O$ проведена прямая, параллельная стороне $BC$, пересекающая стороны $AB$ и $AC$ в точках $M$ и $N$ соответственно. Найдите площадь треугольника $AMN$, если площадь треугол"
7-B3-3-L7-g678,7,7,546,Линейные уравнения и системы,"В первый день турист прошел на 5 км больше, чем во второй, а в третий день — в 2 раза меньше, чем в первый. Всего за три дня пройдено 35 км. Сколько километров турист прошел во второй день?"
7-C2-1-L7-g678,7,7,547,Функции и графики,"На рисунке изображён график функции $y = f(x)$, определённой на отрезке $[-5; 6]$. Сколько точек на графике, в которых касательная к графику параллельна прямой $y = 2x - 1$?"
11-G2-1-L7-gh3,11,7,551,"Комбинаторика, графы, логика","В некотором графе на 2025 вершинах степени всех вершин различны. Докажите, что в таком графе есть хотя бы одна изолированная вершина или хотя бы одна вершина степени 2024."
10-A2-4-L7-g911,10,7,552,Показательные и логарифмические выражения,"Решите уравнение: $25^{x} - 6 \cdot 5^{x} + 5 = 0$. Если уравнение имеет несколько корней, в ответе укажите их произведение."
8-C2-2-L7-g678,8,7,555,Системы и текстовые задачи,"Два велосипедиста стартуют одновременно из пунктов A и B навстречу друг другу. После встречи первый велосипедист доезжает до B за 16 минут, а второй доезжает до A за 25 минут. Сколько минут каждый из них находился в пути до встречи?"
5-E3-33-L7-g,5,7,557,Комбинаторика и логика,"У Пети есть 10 монет, среди которых ровно одна фальшивая (легче настоящей). Ему дали чашечные весы без гирь. За какое наименьшее количество взвешиваний Петя сможет гарантированно найти фальшивую монету?"
10-F2-24,10,7,562,"Комбинаторика, графы, вероятностный подсчёт","Сколько существует путей из точки $(0,0)$ в точку $(4,4)$, состоящих из шагов вправо и вверх, которые не поднимаются выше диагонали $y=x$?"
9-F2-11,9,7,566,Комбинаторика и графы,"Докажите, что в любом графе на $7$ вершинах и $13$ рёбрах найдётся треугольник."
10-B1-4-L7-g911,10,7,567,Тригонометрия,Докажите тождество: $\frac{\sin\alpha + \sin 3\alpha + \sin 5\alpha}{\cos\alpha + \cos 3\alpha + \cos 5\alpha} = \tan 3\alpha$.
10-A2-8-L7-gf,10,7,569,Показательные и логарифмические выражения,Решите уравнение: $4^{x} + 9^{x} = 2 \cdot 6^{x}$.
8-B1-1-L7-g678,8,7,569,Неравенства и преобразования,Решите неравенство: $|x-3| + |x+2| \leq 5$.
9-F3-23,9,7,569,Комбинаторика и графы,"Сколькими способами можно рассадить $5$ супружеских пар за круглый стол так, чтобы мужчины и женщины чередовались?"
5-C2-5-L7-g5,5,7,571,Геометрия и измерения,"На плоскости нарисован правильный шестиугольник. Сколько существует способов отметить 4 его вершины так, чтобы они являлись вершинами прямоугольника? (Способы, отличающиеся поворотом или отражением, считаются разными.)"
5-C3-31-L7-g,5,7,571,Геометрия и измерения,"Разрежьте квадрат 6×6 на две равные по форме и размеру части, каждая из которых состоит из клеток 1×1 и имеет форму, отличную от прямоугольника. Части должны быть симметричны относительно диагонали квадрата. Найдите площадь одной части."
9-E4-18,9,7,572,Комбинаторика и графы,"В библиотеке 999999 стеллажей, пронумерованных от 1 до 999999. На каждом стеллаже стоит ровно 9 книг. Библиотекарь хочет выбрать некоторое множество книг так, чтобы для каждого номера стеллажа от 1 до 999999 выполнялось условие: если номер "
9-H2-25,9,7,572,Комбинаторика и графы,"Дан многочлен $P(x)=x^3+ax^2+bx+c$ с целыми коэффициентами, причём $P(1)=2$, $P(2)=3$, $P(3)=4$. Докажите, что среди чисел $P(4), P(5), \l\dots, P(10)$ ровно два являются простыми, и найдите $P(2017)$."
10-E10-25,10,7,573,"Системы, параметры и неравенства","Решите в целых числах систему
$
\begin{cases}
x+y+z=6,\\
x^2+y^2+z^2=14.
\end{cases}
$"
8-F3-3-L7-g678,8,7,574,Теория чисел: остатки и диофантовы,"Найдите все натуральные числа $n$, для которых число $n^4 + 4^n$ является простым."
11-G1-10,11,7,575,"Комбинаторика, графы, логика","Пусть $a, b, c > 0$ и $a + b + c = 3$. Докажите, что
$
\frac{a}{b+1} + \frac{b}{c+1} + \frac{c}{a+1} \le \frac{3}{2}.
$"
5-A1-1-L7-gh1,5,7,582,Числа и делимость,"На доске написано число 123456789. Петя может за одну операцию выбрать две соседние цифры и заменить их на их сумму (если сумма больше 9, то записывается цифра единиц). Может ли Петя после нескольких операций получить число, состоящее тольк"
11-E1-4-L7-g911,11,7,589,"Стереометрия, координаты и векторы","В кубе $ABCDA_1B_1C_1D_1$ с ребром $1$ найдите расстояние от вершины $A$ до плоскости, проходящей через точки $B$, $D$ и середину ребра $CC_1$."
7-C3-3-L7-g678,7,7,589,Функции и графики,"Найдите все значения $a$, при которых графики функций $y = |x-1| + |x+2|$ и $y = a$ имеют ровно одну общую точку."
8-A2-1-L7-g678,8,7,589,Квадратные уравнения и теорема Виета,"Найдите все целые значения параметра $a$, при которых уравнение $x^2 - (a+5)x + 5a + 1 = 0$ имеет целые корни."
11-G2-3-L7-gh3,11,7,590,"Комбинаторика, графы, логика","В стране 2024 города, некоторые пары городов соединены дорогами. Известно, что из любого города можно добраться до любого другого по дорогам, причем ровно одним способом (без повторения городов). Какое наибольшее количество городов может им"
7-G2-5-L7-g678,7,7,590,Логика и инварианты,Можно ли замостить доску размером $5 \times 5$ без одной угловой клетки костяшками домино $1 \times 2$? Ответ обоснуйте.
8-D3-4-L7-g678,8,7,590,Функции и графики,"Найдите все значения параметра $a$, при которых графики функций $y = x^2 - 4x + 3$ и $y = |x - a|$ имеют ровно три общие точки."
9-F4a-19,9,7,591,"Функции, последовательности и олимпиадные конструкции","На плоскости дан выпуклый четырёхугольник $ABCD$. Известно, что при повороте на $90^\circ$ вокруг точки $O$ точка $A$ переходит в $B$, а точка $C$ — в $D$. Пусть $M$ и $N$ — середины диагоналей $AC$ и $BD$ соответственно. Докажите, что треу"
9-E7-9,9,7,592,"Логика, инварианты, стратегии","На поле размером $4 \times 4$ стоят 4 фишки в клетках (1,1), (2,2), (3,3), (4,4). Двое игроков ходят по очереди. За один ход можно выбрать любую фишку и передвинуть её на одну клетку влево или вниз, если такая клетка существует и не занята "
10-D2-3-L7-g911,10,7,593,Стереометрия и векторы,В правильной треугольной призме $ABCA_1B_1C_1$ все рёбра равны $1$. Точка $M$ — середина ребра $A_1B_1$. Найдите объём пирамиды $MABC$.
5-E2-32-L7-g,5,7,595,Комбинаторика и логика,На острове рыцарей и лжецов встретились два островитянина. Первый сказал: «Я лжец или второй — рыцарь». Второй сказал: «Я рыцарь или первый — лжец». Кто есть кто?
6-C3-5-L7-g678,6,7,595,Целые числа и координаты,"На координатной плоскости отмечены точки $A(1,3)$, $B(7,6)$ и $C(4,8)$. Точка $D$ такова, что четырёхугольник $ABCD$ — параллелограмм. Найдите координаты точки $D$ и докажите, что полученный параллелограмм не является прямоугольником."
8-D2-5-L7-g678,8,7,598,Функции и графики,Постройте график функции $y = |x-1| + |x+2|$. При каких значениях $a$ уравнение $|x-1| + |x+2| = a$ имеет ровно одно решение?
9-D1-2,9,7,599,Геометрия треугольника и окружности,"Найдите все пары натуральных чисел $a$ и $b$, для которых $ab+a+b$ делится на $a+b$."
8-G2-1-L7-g678,8,7,602,"Комбинаторика, логика, инварианты","В ряд выписаны числа $1,2,\dots,100$. Разрешается выбрать любые два числа и заменить их на их сумму, уменьшенную на $1$. После нескольких таких операций осталось одно число. Какое наибольшее значение может принимать это число?"
9-F8-25,9,7,603,Комбинаторика и графы,"Дан выпуклый многогранник, все грани которого — треугольники, и в каждой вершине сходится ровно 6 ребер. Сколько вершин может быть у такого многогранника? (Укажите все возможные числа.)"
5-E3-35-L7-g,5,7,605,Комбинаторика и логика,"Имеется 2007 монет, среди которых одна фальшивая (легче настоящей). За какое наименьшее количество взвешиваний на чашечных весах без гирь можно гарантированно найти фальшивую монету?"
9-A2-4,9,7,608,"Квадратные уравнения, Виет, параметры","Найдите все значения параметра $a$, при которых уравнение $x^2-(a+1)x+a-2=0$ имеет два различных целых корня."
11-F10-21,11,7,609,Тригонометрия и смешанные уравнения,"В замке живут 2026 человек: рыцари, лжецы и хитрецы. Рыцари всегда говорят правду, лжецы всегда лгут, а хитрецы по чётным дням говорят правду, а по нечётным — лгут. Сегодня чётный день. Каждый рыцарь сказал: «Лжецов вдвое больше, чем хитрец"
7-A3-1-L7-gh2,7,7,609,"Выражения, степени, многочлены",Разложите на множители многочлен: $x^4 + 4x^3 - 16x - 16$.
7-F1-3-L7-g678,7,7,613,Комбинаторика и графы,"Сколько существует различных натуральных чисел, не превосходящих 1000, которые не делятся ни на 2, ни на 3, ни на 5?"
11-F10-25,11,7,615,Тригонометрия и смешанные уравнения,"В замке живут 2025 человек: рыцари, лжецы и хитрецы. Рыцари всегда говорят правду, лжецы всегда лгут, а хитрецы по чётным дням говорят правду, а по нечётным — лгут. Сегодня чётный день. Каждый рыцарь сказал: «Лжецов на 73 больше, чем хитрец"
7-E2-4-L7-g678,7,7,616,Делимость и остатки,"На доске написаны числа от 1 до 10. За один ход можно выбрать два числа и заменить их на их сумму. Можно ли за несколько ходов получить одно число, которое будет чётным?"
9-A2-1,9,7,620,"Квадратные уравнения, Виет, параметры","Сколько существует пар целых чисел $(m,n)$ таких, что уравнение $x^2-mx+n=0$ имеет два различных целых корня из множества $\{1,2,\dots,9\}$?"
5-B1-3-L7-g5,5,7,623,"Дроби, доли, проценты","В коробке лежат красные, синие и зелёные шары. Красные шары составляют $\frac{2}{5}$ всех шаров, а синие — $\frac{3}{8}$ остатка. После того как из коробки вынули половину зелёных шаров, их осталось 15. Сколько всего шаров было в коробке пе"
8-B1-L7-fill-0127,8,7,623,Неравенства и преобразования,Решите неравенство: $|x-2| + |x+3| \leq 7$.
11-F8-21,11,7,624,Неравенства и оценки,"Внутри треугольника $ABC$ площади $1$ выбрана точка $P$. Докажите, что сумма площадей двух наибольших из треугольников $PAB$, $PBC$, $PCA$ не меньше $\frac23$."
8-B2-1-L7-g678,8,7,632,Неравенства и преобразования,"Докажите, что для любых положительных чисел $a$, $b$, $c$ выполняется неравенство: $\frac{a^2}{b} + \frac{b^2}{c} + \frac{c^2}{a} \geq a + b + c$."
9-D1-23,9,7,635,Геометрия треугольника и окружности,"Найдите все натуральные числа $n$, для которых число $n^4 + 6n^3 + 11n^2 + 6n + 1$ является точным квадратом натурального числа."
8-B1-4-L7-g678,8,7,637,Неравенства и преобразования,Решите неравенство: $|2x-3| + |x+1| \leq 5$.
7-F2-2-L7-gh2,7,7,640,Комбинаторика и графы,"В некоторой стране 100 городов, некоторые пары соединены дорогами. Известно, что из каждого города выходит ровно 30 дорог. Докажите, что можно выбрать 4 города так, чтобы никакие два из них не были соединены дорогой."
9-A1-L7-fill-0233,9,7,640,"Квадратные уравнения, Виет, параметры","Найдите все значения параметра $a$, при которых уравнение $x^2 - (a+1)x + a = 0$ имеет два различных положительных корня, и сумма их квадратов равна $5$."
5-B3-32-L7-g,5,7,642,"Дроби, доли, проценты","В коробке лежат красные, синие и зелёные шарики. Красных шариков в 2 раза больше, чем синих, а зелёных в 3 раза больше, чем красных. Сколько шариков каждого цвета может быть в коробке, если всего шариков не больше 30 и красных шариков больш"
9-F4a-5,9,7,646,"Квадратные уравнения, Виет, параметры","Найдите все значения параметра $a$, при которых уравнение $x^2-2ax+a^2-4a+3=0$ имеет два корня, один из которых в $3$ раза больше другого."
10-F5-21,10,7,649,Тригонометрия,"На плоскости даны два непересекающихся отрезка: $AB$ и $CD$, где $A(-2,0)$, $B(0,2)$, $C(1,0)$, $D(3,0)$. Существует ли такая точка $P$, что существует гомотетия с центром $P$, переводящая отрезок $AB$ в отрезок $CD$? Если да, найдите коорд"
11-E4-23,11,7,652,Неравенства и оценки,"В школе 11 классов, в каждом классе учится ровно 25 учеников. Для каждой пары различных классов $A$ и $B$ обозначим через $d(A,B)$ количество дружеских пар между учениками этих классов. Оказалось, что среди всех 55 пар классов числа $d(A,B)"
7-C3-5-L7-g678,7,7,653,Функции и графики,"На координатной плоскости нарисовали график функции $y = |x|$. Затем его сдвинули на $a$ единиц вправо и на $b$ единиц вверх, получив график функции $y = |x-a| + b$. Известно, что полученный график пересекает ось $Ox$ в двух различных точка"
9-F13-14,9,7,653,Геометрия треугольника и окружности,"В треугольнике $ABC$ проведены биссектрисы $AL$ и $BM$. Известно, что $BC=2\cdot AC$ и точка пересечения биссектрис $I$ делит биссектрису $AL$ в отношении $AI:IL=3:2$. Найдите $\cos \angle B$."
6-C2-5-L7-g678,6,7,655,Целые числа и координаты,"На координатной прямой отмечены точки $A$, $B$, $C$ и $D$ с целыми координатами. Известно, что $AB=5$, $BC=3$, $CD=4$, а расстояние между точками $A$ и $D$ равно $6$. Какие координаты могут быть у точки $A$, если координата точки $B$ равна "
5-E1-5-L7-g5,5,7,656,Олимпиадная задача,Сравните числа $\sqrt{3}$ + 2sqrt2 и 2 + $\sqrt{3}$ - 2sqrt2.
10-E14-21,10,7,659,Теория чисел старшего уровня,"Найдите все натуральные числа $n$, для которых число $n+1$ простое и $2^n+n$ делится на $n+1$."
11-C6-2,11,7,661,"Многочлены, последовательности, функциональные уравнения","Пусть $P(x)$ — многочлен с целыми коэффициентами, такой что $P(0)=2$ и для некоторого простого нечётного числа $p$ выполняется $P(p)=1$. Докажите, что уравнение $P(x)=0$ не имеет целых корней."
9-E7-21,9,7,663,Комбинаторика и графы,"На доске $6\times 6$ все клетки первоначально белые. За один ход можно выбрать домино $1\times 2$ или $2\times 1$ и перекрасить обе его клетки: белую в чёрную, а чёрную в белую. Можно ли за несколько ходов получить положение, в котором чёрн"
11-F2-25,11,7,665,Теория чисел и диофантовы задачи,Найдите все натуральные решения уравнения $\frac1x+\frac1y=\frac13.$
9-B2-3-L7-g911,9,7,667,"Системы, модули, радикалы, неравенства","Найдите все значения параметра $a$, при которых уравнение $|x-2| + |x+3| = a$ имеет ровно одно решение."
9-D10-18,9,7,668,Теория чисел,"Дано простое число $p$, натуральное число $k$ и целое число $i$, где $1 \le i \le p^k-1$. Докажите, что $v_p\left(\binom{p^k}{i}\right)=k-v_p(i).$"
9-B1-L7-fill-0226,9,7,671,"Системы, модули, радикалы, неравенства",Решите систему уравнений: $\begin{cases} x^2 + y^2 = 25 \\ |x-y| = 1 \end{cases}$.
9-B1-5,9,7,673,"Системы, модули, радикалы, неравенства","На острове живут рыцари, лжецы и хитрецы. Рыцари всегда говорят правду, лжецы всегда лгут. Хитрецы на двух подряд собраниях не могут дважды подряд вести себя одинаково: если на предыдущем собрании хитрец говорил правду, то на нынешнем он лж"
5-E3-34-L7-g,5,7,675,Комбинаторика и логика,"У Пети есть 9 монет, среди которых ровно одна фальшивая (легче настоящей). У него есть чашечные весы без гирь. Какое наименьшее количество взвешиваний нужно, чтобы гарантированно найти фальшивую монету?"
7-G2-4-L7-g678,7,7,675,Логика и инварианты,"На шахматной доске $8\times 8$ стоят 32 коня, каждый на клетке своего цвета. Докажите, что можно переставить коней так, чтобы каждый конь оказался на клетке противоположного цвета, причём никакие два коня не будут бить друг друга."
10-E14-24,10,7,677,Показательные и логарифмические выражения,"Дана таблица размером $2 \times 100$, в каждой клетке которой написано число 0 или 1. Известно, что сумма чисел в таблице нечётна. Разрешается выбрать любой прямоугольник размером $2 \times k$ ($k \leqslant 100$) и инвертировать все числа в"
9-A2-3,9,7,677,"Квадратные уравнения, Виет, параметры","Докажите, что не существует такого действительного числа $a$, при котором оба уравнения $x^2-ax+3=0$ и $x^2-ax-3=0$ имеют по два целых корня."
7-G2-1-L7-g678,7,7,679,Логика и инварианты,"Можно ли замостить доску размером $10\times10$ без одной угловой клетки фигурками, состоящими из четырёх клеток в виде буквы «Т» (см. рисунок)? Фигурку можно поворачивать и переворачивать. Ответ обоснуйте."
11-F1-24,11,7,682,Теория чисел и диофантовы задачи,"В остроугольном треугольнике $ABC$ проведены медианы $AA_1$, $BB_1$ и $CC_1$. Пусть $M$ — точка пересечения медиан. На стороне $BC$ выбрана точка $K$ такая, что $\angle BAK=\angle CAM$. Докажите, что
$BK:KC=AB^2:AC^2.$"
10-E2-1-L7-g911,10,7,685,Теория чисел старшего уровня,"Найдите все тройки натуральных чисел $(x, y, z)$, удовлетворяющие уравнению $x^2 + y^2 + z^2 = 3xyz$."
9-G3-2-L7-gst2,9,7,685,"Логика, инварианты, стратегии","В некоторой стране есть $N$ городов, некоторые пары соединены дорогами с двусторонним движением. Известно, что из любого города можно добраться до любого другого по дорогам, и что нет города, из которого выходит ровно $2$ дороги. Докажите, "
7-C2-3-L7-g678,7,7,686,Функции и графики,"На рисунке изображён график функции $y=f(x)$, определённой на отрезке $[-5; 6]$. Сколько целых значений $k$ существует, таких что уравнение $f(x)=k$ имеет ровно три различных корня? График: ломаная с узлами в точках $(-5,2)$, $(-3,4)$, $(-1"
9-D10-13,9,7,686,Теория чисел,"Пусть $p$ — нечётное простое число. Докажите, что сравнение $x^2\equiv 1\pmod p$ имеет ровно два решения по модулю $p$."
9-F2-13,9,7,687,Комбинаторика и графы,"В окружности с центром O проведены два радиуса OA и OB. На окружности выбрана точка C, отличная от A и B, так что хорда AC пересекает отрезок OB в точке K, а хорда BC пересекает отрезок OA в точке L. Оказалось, что KL || AB. Найдите отношен"
8-A2-3-L7-g678,8,7,692,Олимпиадная задача,"На сторонах BC и AC равнобедренного треугольника ABC ( AB=AC ) нашлись точки D и E соответственно такие, что AD=DE=EB=BC. Найдите угол при основании."
9-F2-10,9,7,693,Комбинаторика и графы,"Окружности $\omega_1$ и $\omega_2$ пересекаются в точках $A$ и $B$. Через точку $A$ проведена прямая, пересекающая $\omega_1$ в точке $C
e A$, а $\omega_2$ — в точке $D
e A$, причём точки $C$ и $D$ лежат на одной полупрямой с вершиной $A$. "
10-F2-23,10,7,694,"Комбинаторика, графы, вероятностный подсчёт","На окружности отмечены $10$ точек. Сколькими способами можно соединить их попарно непересекающимися хордами так, чтобы каждая точка была концом ровно одной хорды?"
9-E2-2-L7-g911,9,7,694,Олимпиадная задача,"Дана клетчатая доска 2020 $\times$ 2021. Петя и Вася играют в следующую игру. Они по очереди ставят фишки в свободные клетки доски. Выигрывает тот игрок, после хода которого в каждом квадрате 4 $\times$ 4 будет стоять фишка. Начинает Петя. "
9-B1-9,9,7,696,"Системы, модули, радикалы, неравенства",Решите уравнение $|x^2-5x+6|=x.$
10-E3-2-L7-g911,10,7,698,Теория чисел старшего уровня,"Натуральные числа $a$, $b$, $c$ таковы, что $a+b+c=1$ и числа $a^2+b^2+c^2$ и $a^3+b^3+c^3$ являются целыми. Докажите, что $abc$ — целое число."
8-F3-2-L7-g678,8,7,698,Теория чисел: остатки и диофантовы,"Найдите все натуральные числа $n$, для которых число $n^4+4^n$ является простым."
9-C1-1-L8-gh3,9,8,260,"Функции, последовательности и олимпиадные конструкции","Последовательность $(a_n)$ задана условиями: $a_1 = 1$, $a_{n+1} = a_n + \frac{1}{a_n}$ для всех $n \ge 1$. Докажите, что $a_{100} > 14$."
10-A1-6-L8-gf,10,8,268,Олимпиадная задача,"В остроугольном треугольнике $ABC$ точка $H$ — основание высоты из точки $B$. Оказалось, что центр вписанной окружности треугольника $BCH$ совпадает с точкой пересечения медиан треугольника $ABC$. Найдите $AC^2 $, если $AB = 6 $."
6-B2-4-L8-g678,6,8,270,Олимпиадная задача,"Андрей выписывает все трёхзначные числа, у которых первая цифра на 2 меньше суммы двух последних цифр. Денис выписывает все трёхзначные числа, у которых последняя цифра на 2 меньше суммы двух первых цифр. Пусть Андрей выписал $A$ чисел, а Д"
5-B2-40-L8-g,5,8,271,"Дроби, доли, проценты","В магазине продаётся несколько сортов яблок. Цена первого сорта на 20% выше цены второго, а цена третьего сорта на 25% ниже цены второго. На сколько процентов цена первого сорта выше цены третьего?"
7-A2-2-L8-g678,7,8,275,Олимпиадная задача,"На доске написано число $1$. Разрешается прибавлять к числу на доске $1$ или $2$, а также вычитать $1$ или $2$, но так, чтобы число оставалось натуральным. Можно ли получить число $2020$?"
11-G1-3-L8-gh3,11,8,279,"Комбинаторика, графы, логика","Найдите количество натуральных чисел $n$, не превосходящих $10^6$, для которых число $n^2+1$ является точным квадратом натурального числа."
9-E2-1-L8-g911,9,8,279,Олимпиадная задача,"В каждой клетке полоски $1 \times 61 $ стоит либо плюс, либо минус. Таня выбирает любые три клетки и меняет три знака. Саша выбирает любые три последовательных клетки и меняет три знака. Изначально во всех клетках минусы. Таня и Саша ходят "
11-G1-6-L8-gf,11,8,289,"Комбинаторика, графы, логика","Сколько существует перестановок чисел $1,2,\dots,9$ таких, что для любого $k$ от $1$ до $9$ сумма первых $k$ чисел не делится на $3$?"
9-C1-3-L8-gh3,9,8,295,"Функции, последовательности и олимпиадные конструкции","Последовательность $a_n$ задана рекуррентно: $a_1 = 1$, $a_{n+1} = a_n + \frac{1}{a_n}$ для $n \ge 1$. Докажите, что $a_{100} > 14$."
6-E2-1-L8-g678,6,8,296,"Геометрия, комбинаторика и логика","В квадрате $6\times 6$ отметили 37 клеток. Докажите, что найдется квадрат $2\times 2$, в котором отмечено не менее 3 клеток."
5-D3-36-L8-g,5,8,302,Текстовые задачи,"Ваня задумал число. Если к нему прибавить 3, затем результат умножить на 2, потом вычесть 4 и разделить на 3, то получится 6. Какое число задумал Ваня?"
6-D3-3-L8-g678,6,8,305,Уравнения и текстовые задачи,"У Пети было несколько конфет. Он съел половину всех конфет и еще одну, после чего у него осталось 5 конфет. Сколько конфет было у Пети сначала?"
6-D1-2-L8-g678,6,8,306,Олимпиадная задача,"В магазине продаётся зелёный, чёрный и фруктовый чай. Изначально отношение: $4:5:8 $. После продаж и новых поставок стало $5:7:12 $. Фруктового чая стало на 60% больше, зелёного — не более чем на 20 пачек. Сколько пачек чая было в начале?"
7-A1-5-L8-g678,7,8,306,Олимпиадная задача,"Из-за пробки на выезде из города междугородный автобус прошёл первую треть пути в полтора раза медленнее расчётного времени. Сможет ли автобус без опоздания прибыть в пункт назначения, если на оставшейся части пути увеличит скорость на трет"
5-C1-1-L8-g5,5,8,312,Геометрия и измерения,"В квадрате $ABCD$ со стороной $4$ отметили середины сторон $M$ на $AB$, $N$ на $BC$, $P$ на $CD$ и $Q$ на $DA$. Точки $M$, $N$, $P$, $Q$ соединили отрезками. Какую часть площади квадрата составляет площадь полученного четырехугольника?"
6-B3-5-L8-g678,6,8,315,Олимпиадная задача,"Сколько чисел от 1 до 999 без цифры «0» записываются в римской системе счисления с тем же количеством символов, что и в десятичной?"
11-A3-2-L8-gh5,11,8,317,"Многочлены, последовательности, функциональные уравнения","Последовательность $a_n$ задана рекуррентно: $a_1=1$, $a_2=2$, $a_{n+2}=2a_{n+1}-a_n+2$ для $n\ge 1$. Докажите, что $a_n=n^2$ для всех $n$."
6-E1-5-L8-g678,6,8,317,Олимпиадная задача,"У Ирены 289 монет из нескольких стран. Она разложила их поровну по коробкам (в каждой коробке монеты только одной страны, больше одной монеты). Турецких монет > 6%, испанских > 12%, эквадорских > 24%, российских > 36%. Сколько китайских мон"
7-E3-2-L8-g678,7,8,318,Делимость и остатки,"Найдите все простые числа $p$, для которых число $p^2+2$ также является простым."
5-D1-3-L8-g5,5,8,328,Текстовые задачи,"Петя и Вася живут в одном доме и учатся в одной школе. Петя доходит до школы за 30 минут, а Вася — за 40 минут. Однажды Петя вышел из дома на 5 минут позже Васи. Через сколько минут после своего выхода Петя догонит Васю, если они идут с пос"
8-C3-1-L8-g678,8,8,330,Системы и текстовые задачи,"В городе N в первый год население увеличилось на $p\%$, а во второй год уменьшилось на $p\%$. В результате за два года население уменьшилось на $4\%$. Найдите $p$."
11-C2-2-L8-gh3,11,8,341,Неравенства и оценки,"Найдите наименьшее значение выражения $x^2 + y^2 + z^2$ для вещественных чисел $x, y, z$, удовлетворяющих условиям $x + y + z = 1$ и $xy + yz + zx = -1$."
7-A1-1-L8-g678,7,8,341,"Выражения, степени, многочлены","Найдите все тройки целых чисел $(a,b,c)$, для которых выполняется равенство $a^3+b^3+c^3 = (a+b+c)^3$."
7-F2-2-L8-gh5,7,8,347,Комбинаторика и графы,"В некоторой стране 100 городов, некоторые пары городов соединены авиалиниями. Известно, что из любого города можно добраться до любого другого, возможно с пересадками, причём существует ровно 200 различных маршрутов (не обязательно простых)"
8-E1-3-L8-g678,8,8,351,Олимпиадная задача,"Петя и Вася играют в игру, правила которой таковы. Петя загадывает натуральное число x с суммой цифр 2012. За один ход Вася выбирает любое натуральное число a и узнает у Пети сумму цифр числа |x−a|. Какое наименьшее число ходов необходимо с"
11-E2-5-L8-g911,11,8,354,"Стереометрия, координаты и векторы","В кубе $ABCDA_1B_1C_1D_1$ с ребром $1$ расположена сфера, касающаяся всех его рёбер. Через вершину $A$ проведена плоскость, касающаяся этой сферы. Найдите расстояние от центра сферы до этой плоскости."
9-G1-1-L8-gstub,9,8,356,"Логика, инварианты, стратегии","Дана доска $8\times 8$. За ход можно выбрать любой квадрат $2\times 2$ и перекрасить все его клетки в противоположный цвет (белые становятся чёрными, чёрные — белыми). Изначально все клетки белые. Можно ли за несколько ходов получить доску,"
10-C3-1-L8-gh3,10,8,363,"Системы, параметры и неравенства","Найдите наименьшее значение выражения $\frac{x^2+y^2}{xy}$ для положительных чисел $x$ и $y$, удовлетворяющих неравенству $x^3+y^3 \leq 2$."
9-E3-L8-fill-0252,9,8,368,Теория чисел,"Найдите все такие простые числа $p$, что числа $p^2+2$ и $p^2+4$ тоже простые."
7-E3-4-L8-g678,7,8,369,Делимость и остатки,"Найдите все простые числа $p$ такие, что число $p^2+2$ также является простым."
10-D2-5-L8-g911,10,8,378,Стереометрия и векторы,"В правильной треугольной пирамиде $SABC$ с вершиной $S$ сторона основания $AB = 6$, а боковое ребро $SA = 5$. Через ребро $AB$ проведена плоскость, пересекающая ребро $SC$ в точке $K$ так, что объём пирамиды $KABC$ равен $\frac{1}{3}$ объём"
10-F3-5-L8-g911,10,8,378,"Комбинаторика, графы, вероятностный подсчёт","На плоскости даны 10 точек общего положения (никакие три не лежат на одной прямой). Каждую точку случайно и равновероятно красят в один из трёх цветов: красный, синий или зелёный. Найдите вероятность того, что найдётся одноцветный треугольн"
6-E3-3-L8-g678,6,8,380,"Геометрия, комбинаторика и логика","На бесконечной шахматной доске стоит фишка. За один ход можно сдвинуть фишку на одну клетку вправо или на одну клетку вверх. Можно ли, сделав ровно 2023 хода, вернуться в исходную клетку?"
9-C3-3-L8-gstub,9,8,383,"Функции, последовательности и олимпиадные конструкции","На плоскости отмечены 2025 точек, никакие три не лежат на одной прямой. Докажите, что существует треугольник с вершинами в этих точках, площадь которого не превосходит среднего арифметического площадей всех треугольников с вершинами в этих "
5-D2-36-L8-g,5,8,386,Текстовые задачи,"Маша и Даша могут вместе прополоть грядку за 12 минут. Маша и Глаша — за 15 минут, а Даша и Глаша — за 20 минут. За какое наименьшее целое число минут они смогут прополоть грядку, работая втроём? Ответ обоснуйте."
7-G2-1-L8-g678,7,8,386,Логика и инварианты,"Клетки доски $8 \times 8$ раскрашены в белый и чёрный цвета в шахматном порядке. Разрешается выбрать любой квадрат $2 \times 2$ и перекрасить все его клетки в противоположный цвет (белые становятся чёрными, чёрные — белыми). Можно ли такими"
10-C2-L8-fill-0304,10,8,388,"Системы, параметры и неравенства","Найдите наименьшее значение выражения $\frac{a^2}{b}+\frac{b^2}{c}+\frac{c^2}{a}$ для положительных чисел $a,b,c$, удовлетворяющих условию $a+b+c \leq 3$."
5-D3-40-L8-g,5,8,389,Текстовые задачи,У Пети было несколько конфет. Он отдал половину своих конфет и еще одну конфету Васе. Затем он отдал половину оставшихся конфет и еще одну конфету Коле. После этого у Пети осталось 5 конфет. Сколько конфет было у Пети первоначально?
7-G3-4-L8-g678,7,8,390,Логика и инварианты,"Два игрока по очереди выписывают на доску натуральные числа от 1 до 1000, каждое число можно выписать не более одного раза. Первый игрок выписывает любое число, затем второй игрок выписывает любое число, которое не делится на предыдущее вып"
7-B1-4-L8-g678,7,8,397,Линейные уравнения и системы,Решите уравнение в целых числах: $(x-1)(y-2)=7$.
8-A1-4-L8-g678,8,8,397,Олимпиадная задача,"На доске были записаны два примера на сложение чисел, но хулиган Вася стер в каждом примере одно из слагаемых, а также получившийся результат: 99 +... =... 203 +... =... Отличник Петя помнит, что стертое слагаемое было одинаковым для обоих "
8-C2-1-L8-gh5,8,8,399,Системы и текстовые задачи,"Имеется 30 кг сплава меди и цинка. Меди в нём на 10 кг больше, чем цинка. Сколько килограммов меди нужно добавить к сплаву, чтобы содержание меди стало в 3 раза больше содержания цинка?"
9-B2-3-L8-g911,9,8,401,"Системы, модули, радикалы, неравенства","Найдите все целые значения параметра $a$, при которых уравнение $|x-1|+|x-2|+|x-3|+|x-4|+|x-5| = a$ имеет ровно одно решение."
7-F3-3-L8-g678,7,8,405,Комбинаторика и графы,"В турнире по футболу участвовали 8 команд, каждая сыграла с каждой ровно один раз. За победу давалось 3 очка, за ничью — 1, за поражение — 0. По окончании турнира оказалось, что все команды набрали различное количество очков. Докажите, что "
8-C3-2-L8-g678,8,8,409,Системы и текстовые задачи,"В магазине в понедельник цена на товар была повышена на $p\%$, а во вторник — понижена на $p\%$. В результате цена стала на $4\%$ меньше первоначальной. Найдите $p$."
8-D1-L8-fill-0161,8,8,413,Функции и графики,"Найдите все такие пары целых чисел $(a,b)$, что квадратичная функция $f(x)=x^2+ax+b$ принимает целые значения при всех целых $x$, а $f(2019)=f(2021)=0$."
7-A1-2-L8-g678,7,8,414,"Выражения, степени, многочлены","Найдите все тройки целых чисел $(x,y,z)$, удовлетворяющие уравнению $x^3 + y^3 + z^3 = 3xyz$."
8-F3-4-L8-g678,8,8,414,Теория чисел: остатки и диофантовы,"Найдите все тройки натуральных чисел $(a, b, c)$ такие, что $a \leq b \leq c$ и $a! + b! = c!$."
5-D1-5-L8-g5,5,8,417,Текстовые задачи,"Два велосипедиста стартуют одновременно из одной точки круговой трассы длиной 1000 метров и едут в одном направлении. Первый велосипедист проезжает круг за 4 минуты, второй — за 5 минут. Через какое минимальное время (в минутах) после старт"
5-E1-2-L8-g5,5,8,418,Комбинаторика и логика,"Сколько существует пятизначных чисел, в которых каждая следующая цифра меньше предыдущей?"
8-B3-1-L8-g678,8,8,418,Неравенства и преобразования,"Найдите наименьшее значение выражения $\frac{x^2+xy+y^2}{xy}$ для положительных действительных чисел $x$ и $y$, удовлетворяющих условию $x^3+y^3=2$."
7-A3-2-L8-g678,7,8,423,"Выражения, степени, многочлены","Найдите все тройки целых чисел $(x, y, z)$, удовлетворяющие уравнению $x^3 + y^3 + z^3 = 3xyz$, и докажите, что других нет."
9-F13-8,9,8,428,Геометрия треугольника и окружности,"В треугольнике $ABC$ проведена биссектриса $AD$. Точка $E$ — середина дуги $BC$ описанной окружности треугольника $ABC$, не содержащей точку $A$. Пусть $I$ — инцентр треугольника $ABC$. Известно, что отрезки $DE$ и $AI$ пересекаются в точке"
5-D1-4-L8-g5,5,8,429,Текстовые задачи,"Петя и Вася вышли одновременно из пункта A в пункт B. Петя весь путь шёл с постоянной скоростью 5 км/ч. Вася первую половину пути шёл со скоростью 4 км/ч, а вторую половину — со скоростью 6 км/ч. Кто пришёл раньше и на сколько минут, если р"
8-G1-3-L8-g678,8,8,429,"Комбинаторика, логика, инварианты","В классе 30 учеников. Каждый из них занимается хотя бы одним из трёх видов спорта: футболом, баскетболом или волейболом. Известно, что 18 учеников занимаются футболом, 16 – баскетболом, 14 – волейболом. При этом ровно 8 учеников занимаются "
7-B3-4-L8-g678,7,8,430,Олимпиадная задача,"На доске написаны числа 1, 2, 3, …, 2016. Разрешается стереть любые два числа $a$ и $b$ и записать вместо них число $a+b+ab$. Какое число может остаться на доске после многократного повторения такой операции?"
11-B2-9-L8-gf,11,8,431,Тригонометрия и смешанные уравнения,"Найдите все пары целых чисел $(x,y)$, удовлетворяющие уравнению $\sin\left(\frac{\pi x}{2}\right) + \cos\left(\frac{\pi y}{2}\right) = 2$."
6-C1-2-L8-g678,6,8,441,Целые числа и координаты,"На доске написаны числа 1, 2, 3, …, 30. За один ход разрешается выбрать два числа, стереть их и записать их разность (из большего вычесть меньшее). Докажите, что после 29 ходов на доске останется нечётное число."
7-C2-4-L8-g678,7,8,442,Функции и графики,"На рисунке изображён график функции $y=f(x)$, определённой на отрезке $[-5,5]$. Сколько существует значений $c$, для которых уравнение $f(x)=c$ имеет ровно три различных корня? График: ломаная с вершинами в точках $(-5,2)$, $(-3,-1)$, $(-1,"
5-D2-39-L8-g,5,8,445,Текстовые задачи,"Пять рабочих должны выполнить заказ за 12 дней. Через 4 дня к ним присоединились ещё несколько рабочих, и оставшуюся работу выполнили за 5 дней. Сколько рабочих присоединилось? (Все рабочие работают с одинаковой производительностью.)"
8-E2-1-L8-g678,8,8,446,Олимпиадная задача,"Петя и Вася играют в такую игру. Сначала на столе лежит 11 кучек по 10 камней. Игроки ходят по очереди, начинает Петя. Каждым ходом игрок берёт 1, 2 или 3 камня, но Петя каждый раз выбирает все камни из любой одной кучи, а Вася всегда выбир"
8-F3-1-L8-gh2,8,8,447,Теория чисел: остатки и диофантовы,"Найдите все тройки натуральных чисел $(a, b, c)$, для которых $a^3 + b^3 + c^3 = 3abc$ и $a \cdot b \cdot c = 3 \cdot (a + b + c)$."
10-F2-1-L8-gh3,10,8,448,"Комбинаторика, графы, вероятностный подсчёт","В стране 2024 города, некоторые пары соединены дорогами. Известно, что любые два города соединены ровно одним простым путём (путь не проходит дважды через один город). Какое наибольшее количество дорог может быть в этой стране?"
8-F3-5-L8-g678,8,8,454,Теория чисел: остатки и диофантовы,"Найдите наибольшее целое число $a$, для которого существует целое $x$ такое, что число $x^2 + ax + 1$ делится на $x^2 + x + 1$."
10-B3-1-L8-gh3,10,8,457,Тригонометрия,"Найдите все значения $x \in [0, 2\pi]$, при которых выражение $\sin^4 x + \cos^4 x$ принимает наименьшее возможное значение."
5-D3-38-L8-g,5,8,459,Текстовые задачи,"У Пети было несколько орехов. Он отдал половину своих орехов и еще один орех Ване, затем половину оставшихся и еще один орех — Мише, после чего у него остался 1 орех. Сколько орехов было у Пети сначала?"
6-E3-2-L8-g678,6,8,459,"Геометрия, комбинаторика и логика","В ряд выписаны числа 1, 2, 3, ..., 100. За один ход можно выбрать два соседних числа и заменить их на их сумму. После каждого хода количество чисел уменьшается на 1. Игра продолжается, пока не останется одно число. Может ли это число быть н"
11-C2-3-L8-gh3,11,8,460,Неравенства и оценки,"Найдите наименьшее возможное значение выражения $\frac{x^2}{y} + \frac{y^2}{z} + \frac{z^2}{x}$ для положительных действительных чисел $x, y, z$, удовлетворяющих условию $x + y + z = 3$."
10-G2-6-L8-gh6,10,8,461,"Логика, множества, функции и отображения","Пусть $f: \mathbb{N} \to \mathbb{N}$ — функция, такая что $f(mn) = f(m) + f(n)$ для всех натуральных $m, n$, и $f(p) = 1$ для каждого простого $p$. Докажите, что $f(n)$ равно количеству простых делителей числа $n$ (с учётом кратности)."
7-D1-1-L8-g678,7,8,463,Геометрия треугольников и углов,"В треугольнике $ABC$ проведены биссектрисы $AA_1$ и $CC_1$, пересекающиеся в точке $I$. Известно, что $\angle AIC = 135^\circ$. Найдите $\angle ABC$."
8-B3-4-L8-g678,8,8,464,Неравенства и преобразования,"Найдите все пары положительных чисел $(x, y)$ такие, что $x^3 + y^3 = 2$ и $x^2 + y^2 = 2$."
9-D3-2-L8-gst2,9,8,464,Геометрия треугольника и окружности,"В треугольнике $ABC$ точка $M$ на стороне $BC$ такова, что $BM:MC=2:3$. Точка $N$ на стороне $AC$ такова, что $AN:NC=1:4$. Отрезки $AM$ и $BN$ пересекаются в точке $P$. Прямая $CP$ пересекает сторону $AB$ в точке $Q$. Найдите отношение $AQ:"
9-F1-3,9,8,477,Площадь треугольника,"В остроугольном треугольнике $ABC$ проведены медианы $AA_1$, $BB_1$, $CC_1$. Известно, что $AA_1 = 6$, $BB_1 = 8$, $CC_1 = 10$. Найдите площадь треугольника $ABC$."
10-B3-L8-fill-0302,10,8,486,Тригонометрия,"Найдите все значения $x$ на отрезке $[0, 2\pi]$, при которых выражение $\sin^4 x + \cos^4 x$ принимает наименьшее значение."
11-G2-1-L8-gh5,11,8,487,"Комбинаторика, графы, логика","В стране 2024 города, некоторые пары соединены дорогами. Известно, что из любого города можно добраться до любого другого ровно одним способом (путём без повторения городов). Какое наибольшее количество дорог может быть в такой стране?"
7-G1-3-L8-g678,7,8,487,Логика и инварианты,"На доске написаны числа 1, 2, 3, …, 20. Разрешается выбрать любые два числа и заменить их на их сумму. Можно ли за несколько таких операций получить на доске 20 одинаковых чисел? Если да, то какое это число?"
9-D3-5-L8-gst2,9,8,489,Геометрия треугольника и окружности,"В треугольнике $ABC$ точки $A_1$, $B_1$, $C_1$ лежат на сторонах $BC$, $CA$, $AB$ соответственно. Известно, что прямые $AA_1$, $BB_1$, $CC_1$ пересекаются в точке $P$. Точки $A_2$, $B_2$, $C_2$ — точки пересечения прямых $B_1C_1$ с $BC$, $C"
7-F1-4-L8-g678,7,8,490,Олимпиадная задача,"В квадратной комнате на каждой стене есть лампочка, которая может гореть одним из семи цветов радуги. В комнате нет лампочек, которые горели бы одним цветом. За один ход человек может поменять цвет одной из лампочек, на тот, которым не гори"
8-E3-1-L8-g678,8,8,490,Геометрия: подобие и окружность,"Окружность с центром $O$ касается сторон угла $BAC$ в точках $B$ и $C$. На дуге $BC$, не содержащей точку $A$, взята точка $P$. Касательная к окружности в точке $P$ пересекает отрезки $AB$ и $AC$ в точках $X$ и $Y$ соответственно. Докажите,"
8-D3-1-L8-g678,8,8,492,Функции и графики,"Найдите все значения параметра $a$, при которых графики функций $y = x^2 - 2|x| + 1$ и $y = a$ имеют ровно три общие точки."
10-E2-1-L8-g911,10,8,495,Теория чисел старшего уровня,"Найдите все тройки натуральных чисел $(a,b,c)$ такие, что $a^3 + b^3 + c^3 = 3abc$ и $a+b+c=30$."
7-A3-1-L8-g678,7,8,495,"Выражения, степени, многочлены","Многочлен $P(x)$ с целыми коэффициентами таков, что $P(1)=1$, $P(2)=2$, $P(3)=3$, $P(4)=4$, $P(5)=5$, а $P(6)=10$. Докажите, что такого многочлена не существует."
5-A2-1-L8-gh1,5,8,497,Числа и делимость,"Найдите наименьшее натуральное число, которое при делении на 6, 7 и 8 даёт соответственно остатки 5, 6 и 7."
5-D1-2-L8-g5,5,8,499,Текстовые задачи,"Два автомобиля выехали одновременно из одного города в другой. Первый автомобиль проехал весь путь с постоянной скоростью 60 км/ч. Второй автомобиль первую половину пути ехал со скоростью 50 км/ч, а вторую половину — со скоростью 70 км/ч. К"
8-A2-2-L8-g678,8,8,499,Квадратные уравнения и теорема Виета,"Найдите все тройки целых чисел $(a,b,c)$ такие, что числа $a$, $b$, $c$ попарно различны и являются корнями квадратного трёхчлена $x^2+px+q$ (с действительными коэффициентами) при некотором выборе $p$ и $q$."
11-F1-2-L8-gh3,11,8,500,Теория чисел и диофантовы задачи,"Найдите все простые числа $p$, для которых существует целое число $n$ такое, что $p$ делит $n^2+1$ и $p$ делит $(n+1)^2+1$."
7-D3-5-L8-g678,7,8,503,Олимпиадная задача,"Расположите числа по возрастанию: $A=\left(1-\frac{1}{10^{2024}-1}\right)^{2024}$, $B=\left(1-\frac{2}{2\cdot10^{2024}+3}\right)^{2024}$, $C=\left(1-\frac{3}{3\cdot10^{2024}+4}\right)^{2024}$."
7-E1-1-L8-gh2,7,8,503,Олимпиадная задача,"Расположите числа по возрастанию: $A=\left(1-\frac{1}{10^{2024}-1}\right)^{2024}$, $B=\left(1-\frac{2}{2\cdot10^{2024}+3}\right)^{2024}$, $C=\left(1-\frac{3}{3\cdot10^{2024}+4}\right)^{2024}$."
8-D1-2-L8-g678,8,8,503,Олимпиадная задача,"Расположите числа по возрастанию: $A=\left(1-\frac{1}{10^{2024}-1}\right)^{2024}$, $B=\left(1-\frac{2}{2\cdot10^{2024}+3}\right)^{2024}$, $C=\left(1-\frac{3}{3\cdot10^{2024}+4}\right)^{2024}$."
8-D1-3-L8-g678,8,8,503,Олимпиадная задача,"Расположите числа по возрастанию: $A=\left(1-\frac{1}{10^{2024}-1}\right)^{2024}$, $B=\left(1-\frac{2}{2\cdot10^{2024}+3}\right)^{2024}$, $C=\left(1-\frac{3}{3\cdot10^{2024}+4}\right)^{2024}$."
10-E3-5-L8-g911,10,8,506,Теория чисел старшего уровня,"Найдите все натуральные числа $n$, для которых число $n^2+1$ делится на $n+1$, а число $n^2+2$ делится на $n+2$."
6-E1-4-L8-g678,6,8,506,"Геометрия, комбинаторика и логика","В квадрате $ABCD$ со стороной 1 точка $M$ — середина стороны $AB$, точка $N$ — середина стороны $BC$. Отрезки $AN$ и $DM$ пересекаются в точке $P$. Найдите площадь треугольника $AMP$."
7-B2-3-L8-g678,7,8,506,Линейные уравнения и системы,"Решите в целых числах систему уравнений:
$\begin{cases} x + y + z = 0, \\ x^3 + y^3 + z^3 = 3xyz \end{cases}$"
7-C3-1-L8-g678,7,8,507,Функции и графики,"На плоскости нарисован график функции $y = x^2 - 2x + 2$. Укажите все значения параметра $a$, при которых прямая $y = a$ пересекает график ровно в одной точке. Для каждого такого $a$ найдите координаты точки пересечения."
8-B2-5-L8-g678,8,8,509,Неравенства и преобразования,"Докажите, что для любых положительных чисел $a$, $b$, $c$ выполняется неравенство: $\frac{a}{b+c} + \frac{b}{c+a} + \frac{c}{a+b} \geq \frac{3}{2}$."
9-E3-2-L8-g911,9,8,511,Теория чисел,"Найдите все простые числа $p$ такие, что $p^2+2$ и $p^3+2$ также являются простыми числами."
5-E1-3-L8-g5,5,8,513,Комбинаторика и логика,"Сколько существует различных пятизначных чисел, в записи которых каждая из цифр 1, 2, 3, 4, 5 встречается ровно один раз, и никакие две чётные цифры не стоят рядом?"
6-B2-5-L8-g678,6,8,513,"Дроби, отношения, проценты","В магазине в понедельник цена на товар была повышена на некоторое количество процентов, а во вторник снижена на то же количество процентов. В результате цена товара стала на 4% меньше первоначальной. На сколько процентов была повышена цена "
8-B3-5-L8-g678,8,8,513,Неравенства и преобразования,"Найдите все пары положительных чисел $(a,b)$, для которых выполнено неравенство $\frac{a^2}{b} + \frac{b^2}{a} \leq a + b$."
8-B2-2-L8-g678,8,8,515,Неравенства и преобразования,"Найдите все тройки целых чисел $(a,b,c)$, не равных нулю, такие, что $a^3+b^3+c^3 = 3abc$ и $a+b+c \neq 0$."
8-B3-2-L8-g678,8,8,515,Неравенства и преобразования,"Найдите наименьшее значение выражения $(x+y+z)\left(\frac{1}{x}+\frac{1}{y}+\frac{1}{z}\right)$ для положительных чисел $x$, $y$, $z$, удовлетворяющих условию $x^2+y^2+z^2=3$."
10-D2-4-L8-g911,10,8,518,Стереометрия и векторы,"В правильной треугольной пирамиде $SABC$ с вершиной $S$ проведена плоскость, параллельная основанию $ABC$ и пересекающая боковые ребра $SA$, $SB$, $SC$ в точках $A_1$, $B_1$, $C_1$ соответственно. Известно, что объем пирамиды $SABC$ в 8 раз"
5-E1-1-L8-g5,5,8,518,Комбинаторика и логика,"Сколько существует различных шестизначных чисел, в записи которых каждая цифра от 1 до 6 встречается ровно один раз, и при этом никакие две чётные цифры не стоят рядом? (Чётные цифры: 2,4,6.)"
6-D1-4-L8-g678,6,8,518,Уравнения и текстовые задачи,"На доске написаны три различных натуральных числа. Известно, что если сложить два наименьших, то получится наибольшее. Если же сложить все три числа, то получится 30. Найдите все возможные тройки чисел и докажите, что других нет."
10-E2-2-L8-g911,10,8,520,Теория чисел старшего уровня,"Найдите все пары натуральных чисел $(x,y)$ такие, что $x^2 + y^2 = 7(x+y) + xy$."
8-G2-5-L8-g678,8,8,520,"Комбинаторика, логика, инварианты","В ряд выписаны числа от 1 до 2025. Разрешается выбрать два соседних числа и заменить их на их сумму, при этом одно из чисел (на выбор) убирается, а другое заменяется на эту сумму. Например, из ... , a, b, ... можно получить ... , a+b, ... ("
6-D3-5-L8-g678,6,8,522,Олимпиадная задача,"В стране есть 10 городов. Авиакомпания хочет ввести авиарейсы между некоторыми городами так, чтобы из каждого города можно было долететь до любого другого (возможно, с пересадками), и чтобы количество рейсов было минимально возможным. Сколь"
8-F2-4-L8-g678,8,8,522,Теория чисел: остатки и диофантовы,"Найдите все тройки натуральных чисел $(x, y, z)$, удовлетворяющие уравнению $x^3 + y^3 + z^3 = 3xyz$ и условию $x < y < z$, или докажите, что таких троек не существует."
8-C2-5-L8-g678,8,8,526,Системы и текстовые задачи,"Два пешехода вышли одновременно навстречу друг другу из пунктов A и B. После встречи первый пешеход пришёл в B через 1 час, а второй в A через 4 часа. Сколько времени каждый из них находился в пути до встречи?"
7-A2-1-L8-gh2,7,8,527,"Выражения, степени, многочлены","Найдите все целые числа $x$, для которых выражение $\frac{2x^2 - 3x + 5}{x - 2}$ является целым числом."
5-B2-36-L8-g,5,8,531,"Дроби, доли, проценты","В магазине проводится акция: при покупке двух одинаковых товаров третий товар в подарок (бесплатно). Петя хочет купить ровно 15 одинаковых ручек. Какое наименьшее количество ручек ему нужно оплатить, чтобы получить 15 ручек с учётом акции?"
10-A3-2-L8-gh3,10,8,532,Показательные и логарифмические выражения,"Найдите все пары натуральных чисел $(a, b)$ такие, что $\log_{ab}(a) + \log_{ab}(b) = \frac{1}{2}$ и $a^b = b^a$."
10-C3-3-L8-gh3,10,8,532,"Системы, параметры и неравенства","Найдите все пары целых чисел $(x, y)$, удовлетворяющие неравенству $x^2 + y^2 \leq 2x + 2y$ и условию, что $x^2 + y^2$ принимает наибольшее возможное значение."
5-A2-4-L8-g5,5,8,532,Числа и делимость,"Натуральное число $n$ при делении на $5$ даёт остаток $3$, а при делении на $7$ — остаток $4$. Какие остатки может давать $n$ при делении на $35$? Найдите все возможные остатки и докажите, что других нет."
9-E2-3-L8-g911,9,8,532,Теория чисел,"Найдите все тройки целых чисел $(x, y, z)$, удовлетворяющие уравнению $x^3 + y^3 + z^3 = 3xyz$ и условию $x + y + z \neq 0$."
10-E3-2-L8-g911,10,8,535,Теория чисел старшего уровня,"Найдите все натуральные числа $n$, для которых $n^2+2n+1$ делится на $n^2+2n+3$, а $n^2+2n+3$ делится на $n^2+2n+1$."
6-E2-3-L8-g678,6,8,535,"Геометрия, комбинаторика и логика","В клетки таблицы $5\times 5$ вписаны числа $1,2,\dots,25$ (каждое по одному разу). Докажите, что найдётся такая строка или столбец, сумма чисел в которой не меньше $65$."
6-A3-4-L8-g678,6,8,539,"Числа, делимость, НОД/НОК","На доске написано 100 различных натуральных чисел. Оказалось, что для любых двух из них, большее делится на меньшее. Какое наименьшее возможное значение может иметь наибольшее из этих чисел?"
10-G1-3-L8-gst2,10,8,540,"Логика, множества, функции и отображения","Пусть $A$ и $B$ — конечные множества, $|A|=m$, $|B|=n$. Функция $f:A\to B$ называется *сюръективной*, если каждый элемент $B$ имеет хотя бы один прообраз. Найдите количество сюръективных функций $f:A\to B$ в терминах $m$ и $n$."
7-C1-2-L8-g678,7,8,540,Функции и графики,"Найдите все линейные функции $f(x)=kx+b$, для которых при всех действительных $x$ выполняется равенство $f(f(x))=2x+3$. В ответе укажите сумму всех возможных значений $k$."
8-D3-5-L8-g678,8,8,541,Функции и графики,"На плоскости задана функция $f(x)=x^2+px+q$ с целыми коэффициентами $p$ и $q$. Известно, что график $y=f(x)$ пересекает оси координат в трёх различных целых точках (с целыми координатами). Докажите, что $p$ и $q$ не могут быть одновременно "
8-G1-1-L8-g678,8,8,541,"Комбинаторика, логика, инварианты","В классе 25 учеников. Каждый ученик посещает хотя бы один из трёх кружков: математический, физический или химический. Известно, что 15 учеников посещают математический кружок, 12 — физический, 10 — химический. При этом 6 учеников посещают и"
6-A2-2-L8-g678,6,8,542,"Числа, делимость, НОД/НОК","Найдите наименьшее натуральное число, которое делится на 11, а при делении на 2, 3, 4, 5, 6, 7, 8, 9, 10 даёт остаток 1."
11-C3-4-L8-gh3,11,8,544,Неравенства и оценки,"Найдите наименьшее значение выражения $\sqrt{x^2+y^2}+\sqrt{(x-1)^2+y^2}+\sqrt{x^2+(y-1)^2}+\sqrt{(x-1)^2+(y-1)^2}$ по всем вещественным $x,y$."
11-B1-4-L8-gf2,11,8,548,Олимпиадная задача,"В треугольнике KIA на стороне KI отметили точку V такую, что KI = = V A. Затем внутри треугольника отметили точку X такую, что угол XKI равен половине угла AV I, а угол XIK равен половине угла KV A. Пусть O — точка пересечения прямой AX и с"
8-F1-4-L8-g678,8,8,553,Теория чисел: остатки и диофантовы,"Найдите наименьшее натуральное число $n$, для которого не существует целых чисел $x$ и $y$, таких что $x^2 - y^2 = n$."
5-B3-38-L8-g,5,8,558,"Дроби, доли, проценты","У Пети есть 100 рублей. Он хочет купить несколько тетрадей по 8 рублей и несколько ручек по 12 рублей, потратив все деньги. Какое наибольшее количество предметов (тетрадей и ручек вместе) он может купить?"
6-B3-4-L8-g678,6,8,558,"Дроби, отношения, проценты","У Пети есть 10 кг сплава меди и цинка, в котором меди 40%. Он хочет получить сплав, в котором меди будет 60%. Сколько килограммов чистого олова ему нужно добавить? (Олово не реагирует с медью и цинком.)"
10-A2-L8-fill-0307,10,8,559,Показательные и логарифмические выражения,"Найдите все положительные числа $a$, для которых уравнение $4^x - 2^{x+1} + a = 0$ имеет ровно два различных корня."
7-C2-5-L8-g678,7,8,559,Функции и графики,"На рисунке изображены графики двух линейных функций $y=f(x)$ и $y=g(x)$ на отрезке $[0,5]$. График $f(x)$ проходит через точки $(0,2)$ и $(5,0)$, график $g(x)$ — через точки $(0,0)$ и $(5,3)$. Известно, что $f(x)$ и $g(x)$ — линейные функци"
7-B1-5-L8-g678,7,8,561,Линейные уравнения и системы,"Найдите все целые числа $x$, для которых значение выражения $\frac{2x+1}{x-2}$ является целым числом."
9-D1-4-L8-g911,9,8,567,Олимпиадная задача,"В-1 В кувшин залили 7 литров воды. Ровно через сутки в кувшин добавили 5 литров воды,
и эту операцию повторяли каждые очередные сутки. В промежутках между доливаниями из
кувшина успевали выпить ровно половину воды, имевшейся после предыдуще"
11-C1-1-L8-gh5,11,8,571,Неравенства и оценки,"Даны положительные числа $a$, $b$, $c$ такие, что $a^2 + b^2 + c^2 = 3$. Докажите, что $\frac{a}{b+c} + \frac{b}{c+a} + \frac{c}{a+b} \geq \frac{3}{2}$."
7-E3-1-L8-gh2,7,8,576,Делимость и остатки,"Существует ли такое простое число $p$, что числа $p+2$, $p+6$, $p+8$, $p+12$, $p+14$ также являются простыми? Если да, найдите все такие $p$."
6-B2-1-L8-g678,6,8,579,"Дроби, отношения, проценты","В магазине продаются две партии одинакового товара. В первой партии 100 единиц товара, во второй — 200 единиц. Цена за единицу товара в первой партии на 20% ниже, чем во второй. Продавец хочет продать весь товар, установив единую цену на ве"
8-C2-3-L8-g678,8,8,579,Системы и текстовые задачи,"Два велосипедиста стартуют одновременно из точек A и B навстречу друг другу. После встречи первый велосипедист прибывает в B через 16 минут, а второй — в A через 25 минут. Найдите отношение скоростей первого и второго велосипедистов."
8-C2-1-L8-gh2,8,8,583,Системы и текстовые задачи,"Два велосипедиста стартуют одновременно из одной точки круговой трассы длиной 10 км и едут в одном направлении. Первый велосипедист проезжает круг за 20 минут, второй — за 30 минут. Через какое минимальное время (в минутах) после старта они"
6-A1-2-L8-gh1,6,8,584,"Числа, делимость, НОД/НОК","Найдите все пары натуральных чисел $(a, b)$ такие, что $\text{НОД}(a, b) = 3$ и $\text{НОК}(a, b) = 180$. Докажите, что других пар нет."
10-E1-1-L8-g911,10,8,585,Теория чисел старшего уровня,"Найдите наименьшее натуральное число $n$ такое, что для любого простого числа $p$, не делящего $n$, выполнено $n^{p-1} \equiv 1 \pmod{p^2}$?"
11-C3-1-L8-gh3,11,8,585,Неравенства и оценки,"Найдите наименьшее значение выражения $\sqrt{x^2+1}+\sqrt{y^2+1}+\sqrt{z^2+1}$, где $x,y,z$ — действительные числа, удовлетворяющие условию $x+y+z=3$ и $xy+yz+zx=3$."
6-B3-3-L8-g678,6,8,585,"Дроби, отношения, проценты","В лаборатории есть два раствора: первый содержит 10% соли, второй – 30% соли. Лаборант хочет получить ровно 1 литр 25% раствора, используя эти два раствора и дистиллированную воду. Какое наименьшее количество второго раствора (в миллилитрах"
9-F4a-6,9,8,585,Геометрия треугольника и окружности,"В треугольнике $ABC$ точки $A_1$, $B_1$, $C_1$ — середины дуг $BC$, $CA$, $AB$ описанной окружности, не содержащих соответственно вершин $A$, $B$, $C$. Докажите, что прямые $AA_1$, $BB_1$, $CC_1$ пересекаются в одной точке."
8-B1-2-L8-g678,8,8,586,Неравенства и преобразования,"Найдите все целые $x$, для которых выражение $|x-1|+|x-2|+|x-3|+|x-4|+|x-5|$ принимает наименьшее значение."
5-C3-37-L8-g,5,8,587,Геометрия и измерения,"Можно ли разрезать квадрат $10\times10$ на пять прямоугольников $2\times3$ и один прямоугольник $1\times3$? Если да, приведите пример разрезания. Если нет, докажите, что это невозможно."
7-F2-1-L8-gh2,7,8,587,Комбинаторика и графы,"В некоторой стране 100 городов, некоторые пары соединены дорогами. Известно, что в любом наборе из 10 городов найдётся город, соединённый с остальными 9 городами этого набора. Какое минимальное количество дорог может быть в такой стране?"
8-G2-1-L8-g678,8,8,589,"Комбинаторика, логика, инварианты","На доске написаны числа 1, 2, …, 2024. Разрешается стереть любые два числа $a$ и $b$ и записать вместо них число $a+b+ab$. Какое наибольшее число может остаться на доске после 2023 таких операций?"
9-E3-5-L8-g911,9,8,589,Теория чисел,"Найдите все натуральные числа $n$, для которых число $n^4+4^n$ является простым."
7-E2-4-L8-g678,7,8,590,Делимость и остатки,"На доске написаны числа 1, 2, 3, …, 2024. За один ход можно взять два числа, записанных на доске, и заменить их на их сумму. После каждого хода количество чисел на доске уменьшается на 1. В конце, когда на доске останется одно число, его за"
10-G1-2-L8-gst2,10,8,591,"Логика, множества, функции и отображения","Существует ли такое множество $X$, состоящее из $2024$ различных натуральных чисел, что для любого непустого подмножества $Y \subseteq X$ сумма элементов $Y$ не является степенью двойки?"
6-D2-1-L8-gh1,6,8,592,Уравнения и текстовые задачи,"Из пункта A в пункт B выехал велосипедист. Одновременно из B в A выехал мотоциклист. Через 2 часа они встретились, и, не останавливаясь, продолжили движение каждый в своем направлении. Велосипедист прибыл в B на 3 часа позже, чем мотоциклис"
5-C1-2-L8-g5,5,8,593,Геометрия и измерения,"В квадрате $ABCD$ со стороной 6 см отметили точки $M$ и $N$ на сторонах $BC$ и $CD$ соответственно так, что $BM = 2$ см, $CN = 2$ см. Найдите площадь треугольника $AMN$."
9-F3-1-L8-g911,9,8,594,Олимпиадная задача,"На доске написано несколько натуральных чисел. Разрешается выбрать два числа $a$ и $b$, стереть их и записать число $\frac{ab}{a+b}$. Докажите, что если в конце осталось одно число, то оно не зависит от порядка операций. Найдите это число, "
11-G3-3-L8-gst2,11,8,597,"Комбинаторика, графы, логика","На шахматной доске 8×8 расставлены 8 ладей так, что они не бьют друг друга. Докажите, что можно выбрать 8 клеток, никакие две из которых не находятся в одной строке или одном столбце, и отметить их так, чтобы после удаления всех ладей и все"
7-C3-5-L8-g678,7,8,598,Функции и графики,"На координатной плоскости нарисован график функции $y = x^2 - 4x + 3$. Сколько существует различных прямых, параллельных оси $Ox$, которые пересекают этот график ровно в одной точке?"
5-E3-38-L8-g,5,8,601,Комбинаторика и логика,"У Пети есть 10 монет, среди которых ровно одна фальшивая (легче настоящей). Есть чашечные весы без гирь. Петя хочет найти фальшивую монету за наименьшее количество взвешиваний. Какое наименьшее количество взвешиваний ему потребуется? Докажи"
8-E3-2-L8-g678,8,8,606,Геометрия: подобие и окружность,"Окружность с центром $O$ касается прямой $l$ в точке $A$. На окружности выбрана точка $B$ такая, что $AB$ — хорда. Касательная к окружности в точке $B$ пересекает прямую $l$ в точке $C$. Докажите, что $CA = CB$."
6-B3-1-L8-g678,6,8,608,"Дроби, отношения, проценты","В трёх банках находятся смеси соли и воды. В первой банке концентрация соли равна $10\%$, во второй — $20\%$, в третьей — $30\%$. Из каждой банки взяли некоторое количество смеси, перемешали и получили новую смесь массой $1$ кг с концентрац"
7-B2-1-L8-g678,7,8,613,Линейные уравнения и системы,"Найдите все тройки целых чисел $(x, y, z)$, удовлетворяющие системе:
$$
\begin{cases}
x + y + z = 0, \\
x^3 + y^3 + z^3 = 0.
\end{cases}
$$"
5-B3-40-L8-g,5,8,615,"Дроби, доли, проценты","У Пети есть 100 рублей. Он хочет купить несколько шоколадок по 15 рублей и несколько булочек по 10 рублей, потратив все деньги. Какое наибольшее количество шоколадок он может купить?"
7-F2-5-L8-g678,7,8,615,Комбинаторика и графы,"В городе есть 10 домов. Некоторые пары домов соединены дорогами с односторонним движением. Известно, что для любых двух домов A и B (A ≠ B) есть ровно один маршрут из A в B, не проходящий ни через один дом дважды. Сколько всего дорог в горо"
6-A1-4-L8-g678,6,8,616,"Числа, делимость, НОД/НОК","Найдите наименьшее натуральное число, которое делится на 6, 10 и 15, но не делится на 4, 9 и 25."
8-C1-2-L8-gh5,8,8,616,Системы и текстовые задачи,"Найдите все тройки натуральных чисел $(x, y, z)$, удовлетворяющие системе уравнений: $\begin{cases} x + y + z = 18 \\ xy + yz + zx = 107 \\ xyz = 210 \end{cases}$."
11-B2-6-L8-gf,11,8,617,Олимпиадная задача,"Найдите количество пар натуральных чисел $m$ и $n$, удовлетворяющих равенству $\frac{1}{m} + \frac{1}{n} = \frac{1}{2020}$."
11-B3-3-L8-g911,11,8,619,Олимпиадная задача,"Положительные числа x, y, z таковы, что xy + yz + zx = 6. Верно ли, что 1 1 1 1 $\sqrt$ + $\sqrt$ + $\sqrt \le$? 2 2 2 xyz 2 2 + x (y + z) 2 2 + y (x + z) 2 2 + z (x + y)"
11-G1-1-L8-gh4,11,8,619,"Комбинаторика, графы, логика","Найдите количество способов расставить числа 1, 2, ..., 10 в клетках таблицы $2\times5$ (две строки, пять столбцов) так, чтобы в каждой строке числа возрастали слева направо, а в каждом столбце числа возрастали сверху вниз."
10-B2-2-L8-gfin,10,8,620,Тригонометрия,Решите уравнение: $\sin^4 x + \cos^4 x = \frac{1}{2} \sin 2x$.
7-C3-3-L8-g678,7,8,621,Функции и графики,"На плоскости нарисованы графики функций $y=x^2$ и $y=ax+b$. Известно, что эти графики пересекаются в двух точках, одна из которых лежит на прямой $x=1$, а другая — на прямой $x=2$. Найдите все пары чисел $(a,b)$, при которых это возможно, и"
8-E3-L8-fill-0149,8,8,623,Геометрия: подобие и окружность,"В треугольнике $ABC$ проведена биссектриса $AD$. Окружность, проходящая через точки $A$, $B$ и $D$, пересекает сторону $AC$ в точке $E$. Окружность, проходящая через точки $A$, $C$ и $D$, пересекает сторону $AB$ в точке $F$. Докажите, что т"
11-A3-3-L8-gh5,11,8,626,"Многочлены, последовательности, функциональные уравнения","Последовательность $a_n$ задана рекуррентно: $a_1 = 1$, $a_{n+1} = \frac{a_n}{1 + a_n^2}$ для всех $n \ge 1$. Докажите, что $\lim_{n\to\infty} a_n \sqrt{n} = \frac{1}{\sqrt{2}}$."
6-B3-2-L8-g678,6,8,626,Олимпиадная задача,"На доске написаны числа $1,2,\dots,100$. За один ход можно выбрать два числа $a$ и $b$, стереть их и записать число $a+b+ab$. Какое наибольшее число может остаться на доске после $99$ ходов?"
6-C2-3-L8-g678,6,8,628,Целые числа и координаты,"На координатной прямой отмечены точки $A$, $B$, $C$ и $D$ с целыми координатами, причем $A<B<C<D$. Известно, что $AB=BC=CD=1$ и произведение координат точек $A$, $B$, $C$, $D$ равно $0$. Какое наименьшее возможное значение суммы координат э"
8-C2-1-L8-gh4,8,8,629,Системы и текстовые задачи,"Из пункта A в пункт B выехал велосипедист. Одновременно с ним из пункта B в пункт A выехал мотоциклист. Через 1 час после их встречи велосипедист прибыл в пункт B, а мотоциклист через 4 часа после встречи прибыл в пункт A. Найдите отношение"
10-G1-1-L8-gst2,10,8,634,"Логика, множества, функции и отображения","Даны множества $A = \{1,2,3,4,5,6,7,8\}$ и $B = \{1,2,3,4,5,6,7,8\}$. Сколько существует различных функций $f: A \to B$, таких что $f(f(x)) = x$ для всех $x \in A$ и $f(x) \neq x$ для всех $x \in A$?"
7-E3-1-L8-g678,7,8,636,Делимость и остатки,"Найдите все простые числа $p$ такие, что числа $p+2$ и $p+4$ также простые."
6-C3-3-L8-g678,6,8,639,Целые числа и координаты,"На координатной плоскости отмечены точки с целыми координатами. Петя хочет отметить все точки $(x,y)$ такие, что $|x|+|y| \leq 4$. Затем он хочет провести прямую линию, не проходящую через отмеченные точки, которая делит множество отмеченны"
10-A2-2-L8-g911,10,8,642,Показательные и логарифмические выражения,"Решите уравнение $4^x - 2^{x+1} - 3 = 0$ в целых числах. Если корней несколько, в ответе укажите их сумму."
7-B1-1-L8-g678,7,8,646,Линейные уравнения и системы,"Найдите все целые числа $x$, для которых число $\frac{2x+1}{x-3}$ является целым."
8-A3-3-L8-gh5,8,8,647,Квадратные уравнения и теорема Виета,"Найдите все значения параметра $a$, при которых уравнение $x^2 + (a-2)x + a = 0$ имеет два различных целых корня."
11-C1-4-L8-gh5,11,8,649,Неравенства и оценки,"Для положительных чисел $a$, $b$, $c$ докажите неравенство: $$\frac{a}{b+c} + \frac{b}{c+a} + \frac{c}{a+b} \ge \frac{3}{2}.$$ Определите, при каких $a$, $b$, $c$ достигается равенство."
8-D2-L8-fill-0148,8,8,650,Функции и графики,"Найдите все значения параметра $a$, при которых уравнение $|x-2| + |x+3| = a$ имеет ровно два различных корня."
11-G3-1-L8-gst2,11,8,651,"Комбинаторика, графы, логика","На доске написаны числа $1,2,\dots,100$. За один ход можно выбрать любые два числа $a$ и $b$ и заменить их на число $a+b+ab$. Какое наименьшее количество ходов нужно сделать, чтобы получить на доске ровно одно число?"
5-B3-39-L8-g,5,8,652,"Дроби, доли, проценты","У Пети есть 100 монет, среди которых ровно одна фальшивая (легче настоящей). За одно взвешивание на чашечных весах без гирь он может взвешивать любую группу монет. Петя хочет за наименьшее число взвешиваний гарантированно найти фальшивую мо"
9-C5-15,9,8,655,Теория чисел,"Пусть $P(x)$ — многочлен с целыми коэффициентами степени $n\geqslant 2$. Известно, что для некоторого натурального $k$ выполнены равенства:
$P(k)=k+2025,\quad P(k+1)=k+2026,\quad P(k+2)=k+2027.$
Докажите, что $P(-1)\equiv 2 \pmod{6}$."
10-G1-L8-fill-0300,10,8,656,"Логика, множества, функции и отображения","Найдите количество подмножеств множества $\{1,2,\dots,100\}$, которые не содержат двух последовательных чисел."
7-A3-1-L8-gh2,7,8,656,"Выражения, степени, многочлены","Разложите многочлен $x^4 + 4x^3 + 6x^2 + 4x + 1$ на множители с целыми коэффициентами. Докажите, что полученное разложение единственно с точностью до порядка множителей и умножения на $-1$."
9-G1-2-L8-gstub,9,8,656,"Логика, инварианты, стратегии","На доске написаны числа 1, 2, ..., 100. За один ход можно выбрать любые два числа $a$ и $b$ и заменить их на число $a+b+ab$. Докажите, что в результате всех ходов на доске останется одно число, и оно не зависит от порядка ходов. Найдите это"
6-E3-4-L8-g678,6,8,657,"Геометрия, комбинаторика и логика","На доске написаны числа 1, 2, 3, 4, 5. За один ход можно выбрать два числа и заменить их на их сумму и разность (например, из чисел $a$ и $b$ можно получить $a+b$ и $|a-b|$). Можно ли за несколько ходов получить набор чисел, состоящий из че"
5-B1-5-L8-g5,5,8,658,"Дроби, доли, проценты","У Пети было несколько орехов. Он разделил их на три кучки. В первой кучке оказалось $\frac{1}{4}$ всех орехов, во второй — $\frac{1}{3}$ остатка, а в третьей — $\frac{3}{5}$ нового остатка. После этого осталось 6 орехов. Сколько орехов было"
10-B1-2-L8-g911,10,8,659,Тригонометрия,"Найдите наименьшее значение выражения $\frac{\sin^3 x + \cos^3 x}{\sin x + \cos x}$ для всех $x$, при которых знаменатель не равен нулю."
8-B1-L8-fill-0157,8,8,661,Неравенства и преобразования,"Найдите наименьшее значение выражения $|x-1|+|x-2|+|x-3|+|x-4|+|x-5|$, где $x$ — действительное число."
9-F1-1-L8-g911,9,8,662,Олимпиадная задача,"На клетчатой бумаге отмечены все узлы (точки пересечения линий) квадрата $8\times 8$. Какое наименьшее количество отрезков с концами в этих узлах нужно провести, чтобы каждый узел был концом хотя бы одного отрезка? Отрезки могут пересекатьс"
8-A1-3-L8-g678,8,8,663,Олимпиадная задача,"Петя и Вася играют на доске 10 $\times$ 10, исходно покрашенной в белый цвет. Они по очереди перекрашивают по одной клетке доски: Петя — в красный цвет, Ва- ся — в синий цвет. Начинает Петя; игра заканчивается, когда все клетки доски будут "
8-D1-4-L8-g678,8,8,664,Функции и графики,"Найдите все значения параметра $a$, при которых уравнение $x^2 - 2ax + a^2 - 1 = 0$ имеет два различных корня, и каждый из них принадлежит отрезку $[-2; 3]$."
5-B1-3-L8-g5,5,8,666,"Дроби, доли, проценты","У Пети есть 1 кг яблок. Он хочет разделить их на несколько кучек так, чтобы в каждой кучке было не более 200 г, а количество кучек было наименьшим возможным. Сколько кучек получится?"
8-C3-3-L8-g678,8,8,666,Системы и текстовые задачи,"В банке вклад «Успех» увеличивается на 10% каждый год, но после каждого начисления процентов банк удерживает налог в размере 5% от полученной прибыли. Вкладчик хочет получить на вкладе не менее 100000 рублей, первоначально внеся 50000 рубле"
8-D3-3-L8-g678,8,8,666,Функции и графики,"На координатной плоскости отмечены все точки $(x,y)$ такие, что $x$ и $y$ — целые числа от $1$ до $100$ включительно. Какое наибольшее количество точек можно отметить, чтобы среди них не нашлось трёх, лежащих на одной прямой, параллельной о"
6-B1-1-L8-g678,6,8,671,"Дроби, отношения, проценты","На доске написаны два числа. Если первое число увеличить на 20%, а второе уменьшить на 20%, то их сумма не изменится. Найдите отношение первого числа ко второму."
9-D1-5-L8-g911,9,8,671,Олимпиадная задача,"Баран на пастбище привязан сразу к двум деревьям, верёвками по 5 метров длиной. На пастбище есть ещё два дерева. Вместе эти деревья образуют 4 соседние вершины правильного шестиугольника со стороной в 2 метра (см. рисунок)
 Насколько
 p бли"
6-D1-1-L8-g678,6,8,677,Уравнения и текстовые задачи,"Вова задумал натуральное число. Если к задуманному числу прибавить число, записанное теми же цифрами, но в обратном порядке, то получится 1089. Какое число мог задумать Вова? Найдите все возможные варианты и докажите, что других нет."
8-E1-4-L8-g678,8,8,677,Геометрия: подобие и окружность,"В треугольнике $ABC$ точка $D$ на стороне $BC$ такова, что $\angle BAD = \angle CAD$. Точка $E$ на стороне $AC$ такова, что $DE \parallel AB$. Известно, что $AB = 12$, $AC = 18$, $BC = 24$. Найдите длину отрезка $CE$."
11-C1-3-L8-gh5,11,8,678,Неравенства и оценки,"Пусть $x, y, z > 0$ и $x + y + z = 1$. Докажите, что
$$\frac{1}{x^2 + y^2 + z^2} + \frac{1}{xy + yz + zx} \ge 12.$$
Найдите все тройки $(x, y, z)$, для которых достигается равенство."
8-C1-3-L8-gh5,8,8,679,Системы и текстовые задачи,"Найдите все пары целых чисел $(x, y)$, удовлетворяющие системе уравнений: $\begin{cases} x^2 + 2y^2 = 3, \\ x^2 + xy + y^2 = 1. \end{cases}$"
5-D1-1-L8-g5,5,8,680,Текстовые задачи,"Из пункта A в пункт B выехал велосипедист со скоростью 15 км/ч. Одновременно из B в A выехал мотоциклист со скоростью 40 км/ч. Когда они встретились, велосипедист продолжил путь до B, а мотоциклист развернулся и поехал обратно в B. При этом"
9-G1-L8-fill-0240,9,8,682,"Логика, инварианты, стратегии","В ряд выписаны числа от 1 до 2025. Разрешается выбрать любые два числа, стоящие на нечётных местах, и поменять их местами. Докажите, что с помощью таких операций нельзя получить ряд, в котором числа 1, 2, …, 2024 стоят в порядке возрастания"
7-F1-5-L8-g678,7,8,683,Комбинаторика и графы,"Сколько существует семизначных чисел, в которых каждая следующая цифра больше предыдущей? (Например, 1234567 подходит, а 1234568 — нет, так как последняя цифра не больше предыдущей? На самом деле, в примере 1234568 последняя цифра 8 больше "
8-B1-L8-fill-0157,8,8,683,Неравенства и преобразования,"Найдите все целые значения $a$, при которых неравенство $|a x + 2| \leq 3$ выполняется для всех $x \in [0,1]$."
5-C2-3-L8-g5,5,8,687,Геометрия и измерения,"На плоскости даны 10 точек, никакие три не лежат на одной прямой. Какое наименьшее количество треугольников с вершинами в этих точках могут быть равнобедренными?"
7-C1-5-L8-g678,7,8,688,Функции и графики,"На плоскости даны $n$ точек с целыми координатами. Известно, что никакие три из них не лежат на одной прямой. Докажите, что существует прямая, не проходящая ни через одну из этих точек, такая, что по обе стороны от неё лежит одинаковое коли"
7-E2-5-L8-g678,7,8,698,Олимпиадная задача,"На доске написано число 0. За один ход можно прибавить к числу на доске 1, 2 или 3, либо вычесть 1, 2 или 3, но так, чтобы число оставалось неотрицательным. Какое наименьшее количество ходов потребуется, чтобы получить число 2025?"
9-G2-2-L8-gstub,9,8,698,"Логика, инварианты, стратегии","Двое по очереди ставят королей на шахматную доску $8 \times 8$ так, чтобы короли не били друг друга (король бьёт все клетки, соседние по стороне или углу). Проигрывает тот, кто не может сделать ход. Кто выигрывает при правильной игре и как "
