id,grade,level,families,solution_len,answer,task_text
5-D1-1-L1-g,5,1,fraction_of_number,26,$24$,Найдите $\d\frac{1}{3}$ от числа 72.
5-D1-4-L1-g,5,1,fraction_of_number,26,$12$,Найдите $\d\frac{1}{7}$ от числа 84.
5-D1-6-L1-g,5,1,fraction_of_number,25,$8$,Найдите $\d\frac{1}{9}$ от числа 72.
5-D1-7-L1-g,5,1,fraction_of_number,26,$36$,Найдите $\d\frac{1}{2}$ от числа 72.
5-D1-9-L1-g,5,1,fraction_of_number,26,$12$,Найдите $\d\frac{1}{8}$ от числа 96.
5-D1-10-L2-g,5,2,fraction_of_number,26,$15$,Найдите $\d\frac{1}{6}$ от числа 90.
5-D1-11-L2-g,5,2,fraction_of_number,26,$24$,Найдите $\d\frac{1}{2}$ от числа 48.
5-D1-12-L2-g,5,2,fraction_of_number,27,$60$,Найдите $\d\frac{1}{2}$ от числа 120.
5-D1-14-L2-g,5,2,fraction_of_number,26,$24$,Найдите $\d\frac{1}{4}$ от числа 96.
5-D1-15-L2-g,5,2,fraction_of_number,27,$40$,Найдите $\d\frac{1}{3}$ от числа 120.
5-D1-16-L2-g,5,2,fraction_of_number,27,$24$,Найдите $\d\frac{1}{6}$ от числа 144.
5-E1-3-L3-g,5,3,handshake,39,$10$,На встрече $5$ человек обменялись рукопожатиями (каждый с каждым). Сколько всего рукопожатий?
5-G6-1-g,5,3,fraction_of_number,45,$6$,Для $x>0$ найдите наименьшее значение $x+\d\frac{9}{x}$.
5-G6-4-g,5,3,fraction_of_number,47,$10$,Для $x>0$ найдите наименьшее значение $x+\d\frac{25}{x}$.
5-G6-5-g,5,3,fraction_of_number,47,$12$,Для $x>0$ найдите наименьшее значение $x+\d\frac{36}{x}$.
5-G6-7-g,5,4,fraction_of_number,49,$20$,Для $x>0$ найдите наименьшее значение $x+\d\frac{100}{x}$.
5-A1-3-L6-g5,5,6,gcd_lcm_basic,93,$4$,Найдите наибольший общий делитель чисел $5^{9}-1$ и $5^{26}-1$.
5-A2-5-L6-g5,5,6,gcd_lcm_basic,94,$4$,Найдите наибольший общий делитель чисел $5^{11}-1$ и $5^{16}-1$.
5-A2-3-L7-g5,5,7,crt_basic,266,209,"Найдите наименьшее натуральное число, которое при делении на 5 даёт остаток 4, при делении на 6 даёт остаток 5, а при делении на 7 даёт остаток 6."
5-A2-4-L7-g5,5,7,crt_basic,823,383,"Найдите наименьшее натуральное число, которое при делении на 5 даёт остаток 3, при делении на 7 даёт остаток 4, а при делении на 9 даёт остаток 5."
5-A2-5-L7-g5,5,7,crt_basic,406,119,"Найдите наименьшее натуральное число, которое при делении на 2 даёт остаток 1, при делении на 3 даёт остаток 2, при делении на 4 даёт остаток 3, при делении на 5 даёт остаток 4, при делении на 6 даёт остаток 5, а на 7 делится нацело."
5-A2-2-L8-gh1,5,8,crt_basic,882,119,"Найдите наименьшее натуральное число, которое при делении на 3 даёт остаток 2, при делении на 4 даёт остаток 3, при делении на 5 даёт остаток 4, при делении на 6 даёт остаток 5, а при делении на 7 даёт остаток 0."
5-A2-3-L8-gh1,5,8,crt_basic,841,2519,"Найдите наименьшее натуральное число, которое при делении на 4 даёт остаток 3, при делении на 5 даёт остаток 4, при делении на 6 даёт остаток 5, при делении на 7 даёт остаток 6, при делении на 8 даёт остаток 7, при делении на 9 даёт остаток 8."
5-A2-4-L8-g5,5,8,crt_basic,532,18,"Натуральное число $n$ при делении на $5$ даёт остаток $3$, а при делении на $7$ — остаток $4$. Какие остатки может давать $n$ при делении на $35$? Найдите все возможные остатки и докажите, что других нет."
5-B1-3-L6-g5,5,6,fraction_of_number,27,$60$,От числа $120$ взяли его $\d\frac{1}{2}$. Какое число получили?
5-B1-5-L6-g5,5,6,fraction_of_number,28,$133$,От числа $267$ взяли его $\d\frac{1}{2}$. Какое число получили?
5-B2-27-L6-g,5,6,fraction_of_number,26,$43$,От числа $87$ взяли его $\d\frac{1}{2}$. Какое число получили?
5-B2-28-L6-g,5,6,fraction_of_number,28,$102$,От числа $204$ взяли его $\d\frac{1}{2}$. Какое число получили?
5-B2-29-L6-g,5,6,fraction_of_number,81,$60$ руб.,"У Васи было $120$ рублей. Сначала он потратил $\d\frac{1}{3}$ всех денег, а затем $\d\frac{1}{4}$ остатка. Сколько рублей осталось?"
5-B3-28-L6-g,5,6,fraction_of_number,27,$67$,От числа $201$ взяли его $\d\frac{1}{3}$. Какое число получили?
5-C3-16-L4-g,5,4,domino_tiling,70,$15$,Прямоугольник $6\times 5$ разрезали на доминошки $1\times 2$. Сколько доминошек получилось?
5-C3-17-L4-g,5,4,domino_tiling,70,$12$,Прямоугольник $6\times 4$ разрезали на доминошки $1\times 2$. Сколько доминошек получилось?
5-C3-18-L4-g,5,4,domino_tiling,70,$21$,Прямоугольник $6\times 7$ разрезали на доминошки $1\times 2$. Сколько доминошек получилось?
5-C3-19-L4-g,5,4,domino_tiling,70,$10$,Прямоугольник $5\times 4$ разрезали на доминошки $1\times 2$. Сколько доминошек получилось?
5-C3-20-L4-g,5,4,domino_tiling,70,$17$,Прямоугольник $5\times 7$ разрезали на доминошки $1\times 2$. Сколько доминошек получилось?
5-C3-21-L5-g,5,5,domino_tiling,31,Нельзя,Можно ли разрезать квадрат $7\times 7$ на доминошки $1\times 2$?
5-C3-22-L5-g,5,5,domino_tiling,32,Нельзя,Можно ли разрезать квадрат $15\times 15$ на доминошки $1\times 2$?
5-C3-23-L5-g,5,5,domino_tiling,32,Нельзя,Можно ли разрезать квадрат $11\times 11$ на доминошки $1\times 2$?
5-C3-24-L5-g,5,5,domino_tiling,32,Нельзя,Можно ли разрезать квадрат $13\times 13$ на доминошки $1\times 2$?
5-C3-25-L5-g,5,5,domino_tiling,31,Нельзя,Можно ли разрезать квадрат $9\times 9$ на доминошки $1\times 2$?
5-D1-3-L6-g5,5,6,gcd_lcm_basic,94,$8$,Найдите наибольший общий делитель чисел $3^{10}-1$ и $3^{12}-1$.
6-A1-1-L1-g,6,1,fraction_of_number,46,$1$,Вычислите: $\d\frac{2}{3}+\d\frac{1}{3}$.
6-A1-10-L1-g,6,1,fraction_of_number,48,$1$,Вычислите: $\d\frac{4}{7}+\d\frac{3}{7}$.
6-A1-2-L1-g,6,1,fraction_of_number,48,$1$,Вычислите: $\d\frac{6}{8}+\d\frac{2}{8}$.
6-A1-3-L1-g,6,1,fraction_of_number,49,$1$,Вычислите: $\d\frac{8}{12}+\d\frac{2}{6}$.
6-A1-4-L1-g,6,1,fraction_of_number,49,$1$,Вычислите: $\d\frac{2}{6}+\d\frac{8}{12}$.
6-A1-5-L1-g,6,1,fraction_of_number,48,$1$,Вычислите: $\d\frac{6}{9}+\d\frac{1}{3}$.
6-A1-6-L1-g,6,1,fraction_of_number,49,$1$,Вычислите: $\d\frac{2}{4}+\d\frac{6}{12}$.
6-A1-7-L1-g,6,1,fraction_of_number,48,$1$,Вычислите: $\d\frac{1}{3}+\d\frac{4}{6}$.
6-A1-8-L1-g,6,1,fraction_of_number,48,$1$,Вычислите: $\d\frac{4}{6}+\d\frac{1}{3}$.
6-A1-9-L1-g,6,1,fraction_of_number,48,$1$,Вычислите: $\d\frac{4}{8}+\d\frac{4}{8}$.
6-D1-10-L1-g,6,1,gcd_lcm_basic,34,$1$,Найдите наибольший общий делитель чисел 22 и 45.
6-D1-11-L1-g,6,1,gcd_lcm_basic,34,$6$,Найдите наибольший общий делитель чисел 84 и 90.
6-D1-12-L1-g,6,1,gcd_lcm_basic,36,$2$,Найдите наибольший общий делитель чисел 160 и 158.
6-D1-13-L1-g,6,1,gcd_lcm_basic,36,$3$,Найдите наибольший общий делитель чисел 153 и 165.
6-D1-2-L1-g,6,1,gcd_lcm_basic,35,$1$,Найдите наибольший общий делитель чисел 106 и 75.
6-D1-3-L1-g,6,1,gcd_lcm_basic,36,$33$,Найдите наибольший общий делитель чисел 165 и 66.
6-D1-5-L1-g,6,1,gcd_lcm_basic,35,$2$,Найдите наибольший общий делитель чисел 184 и 74.
6-D1-8-L1-g,6,1,gcd_lcm_basic,36,$1$,Найдите наибольший общий делитель чисел 133 и 122.
6-A1-11-L2-g,6,2,fraction_of_number,52,$1$,Вычислите: $\d\frac{8}{12}+\d\frac{4}{12}$.
6-A1-12-L2-g,6,2,fraction_of_number,48,$1$,Вычислите: $\d\frac{2}{4}+\d\frac{4}{8}$.
6-A1-13-L2-g,6,2,fraction_of_number,48,$1$,Вычислите: $\d\frac{2}{4}+\d\frac{2}{4}$.
6-A1-14-L2-g,6,2,fraction_of_number,49,$1$,Вычислите: $\d\frac{3}{4}+\d\frac{3}{12}$.
6-A1-15-L2-g,6,2,fraction_of_number,48,$1$,Вычислите: $\d\frac{6}{9}+\d\frac{2}{6}$.
6-D1-17-L2-g,6,2,gcd_lcm_basic,35,$1$,Найдите наибольший общий делитель чисел 155 и 98.
6-D1-18-L2-g,6,2,gcd_lcm_basic,35,$1$,Найдите наибольший общий делитель чисел 101 и 76.
6-D1-19-L2-g,6,2,gcd_lcm_basic,35,$1$,Найдите наибольший общий делитель чисел 152 и 83.
6-D1-21-L2-g,6,2,gcd_lcm_basic,36,$1$,Найдите наибольший общий делитель чисел 169 и 119.
6-D1-23-L2-g,6,2,gcd_lcm_basic,36,$1$,Найдите наибольший общий делитель чисел 119 и 158.
6-D1-25-L2-g,6,2,gcd_lcm_basic,34,$1$,Найдите наибольший общий делитель чисел 92 и 25.
6-D1-28-L2-g,6,2,gcd_lcm_basic,35,$1$,Найдите наибольший общий делитель чисел 159 и 41.
6-D1-29-L2-g,6,2,gcd_lcm_basic,35,$10$,Найдите наибольший общий делитель чисел 40 и 90.
6-G6-1-g,6,3,fraction_of_number,47,$16$,Для $x>0$ найдите наименьшее значение $x+\d\frac{64}{x}$.
6-E1-7-L4-g,6,4,handshake,42,$66$,На встрече $12$ человек обменялись рукопожатиями (каждый с каждым). Сколько всего рукопожатий?
6-G6-5-g,6,4,fraction_of_number,49,$22$,Для $x>0$ найдите наименьшее значение $x+\d\frac{121}{x}$.
6-A1-1-L5-g2,6,5,gcd_lcm_basic,234,$1$,Найдите наибольший общий делитель чисел $259$ и $181$.
6-A1-2-L5-g2,6,5,gcd_lcm_basic,304,$2$,Найдите наибольший общий делитель чисел $82$ и $134$.
6-A1-3-L5-g2,6,5,gcd_lcm_basic,290,$1$,Найдите наибольший общий делитель чисел $201$ и $364$.
6-A1-4-L5-g2,6,5,gcd_lcm_basic,213,$1$,Найдите наибольший общий делитель чисел $464$ и $191$.
6-A1-5-L5-g2,6,5,gcd_lcm_basic,256,$1$,Найдите наибольший общий делитель чисел $311$ и $239$.
6-A1-1-L6-g678,6,6,gcd_lcm_basic,157,12,Найдите наибольший общий делитель чисел $36$ и $48$.
6-A1-1-L6-gh1,6,6,gcd_lcm_basic,75,$120$,"Найдите наименьшее общее кратное чисел $24$ и $30$, если их НОД равен $6$."
6-A1-5-L8-g678,6,8,crt_basic,1973,$74$,"Прямоугольник 10 $\times$15 клеточек изначально покрашен в белый цвет. Каждая клеточка прямоугольника имеет свой номер (от 1 до 150). К клеточкам могут применяться правила раскрашивания: правило А) если номер клеточки дает остаток 1 при делении на 3, то клеточка рас- крашивается в красный цвет; 3 пр"
6-A2-1-L3-gtop2,6,3,quadratic_basic,30,$a=4$,При каком $a$ уравнение $4x^2=100$ имеет корень $x=5$?
6-A2-2-L8-g678,6,8,crt_basic,542,25201,"Найдите наименьшее натуральное число, которое делится на 11, а при делении на 2, 3, 4, 5, 6, 7, 8, 9, 10 даёт остаток 1."
6-A3-2-L7-gh1,6,7,crt_basic,762,$12$,"На доске было записано трехзначное число. Хулиган Петя на перемене стер у числа две цифры, так что на доске от этого числа осталась только цифра 3. Отличник Вася пытается восстановить исходное число, зная, что оно при делении на 3 дает остаток 2, а при делении на 5 — остаток 4. Сколько подходящих чи"
6-A3-4-L7-g678,6,7,crt_basic,326,59,"Найдите наименьшее натуральное число, которое при делении на 3 даёт остаток 2, при делении на 4 даёт остаток 3, а при делении на 5 даёт остаток 4."
6-B1-1-L6-g678,6,6,fraction_of_number,129,$150$ руб.,"У Васи было $240$ рублей. Сначала он потратил $\d\frac{1}{6}$ всех денег, а затем $\d\frac{2}{8}$ остатка. Сколько рублей осталось?"
6-B1-3-L6-g678,6,6,fraction_of_number,27,$53$,От числа $107$ взяли его $\d\frac{1}{2}$. Какое число получили?
6-B1-5-L6-g678,6,6,fraction_of_number,81,$40$ руб.,"У Васи было $120$ рублей. Сначала он потратил $\d\frac{1}{3}$ всех денег, а затем $\d\frac{1}{2}$ остатка. Сколько рублей осталось?"
6-B2-1-L6-g678,6,6,fraction_of_number,83,$90$ руб.,"У Васи было $180$ рублей. Сначала он потратил $\d\frac{1}{4}$ всех денег, а затем $\d\frac{1}{3}$ остатка. Сколько рублей осталось?"
6-B2-4-L6-g678,6,6,fraction_of_number,27,$29$,От числа $148$ взяли его $\d\frac{1}{5}$. Какое число получили?
6-B3-5-L6-g678,6,6,fraction_of_number,27,$94$,От числа $282$ взяли его $\d\frac{1}{3}$. Какое число получили?
7-A1-4-L5-gtop2,7,5,quadratic_basic,33,$87$,Найдите значение выражения $4x^2+5x+3$ при $x=4$.
7-A1-3-L6-g678,7,6,gcd_lcm_basic,92,$2$,Найдите наибольший общий делитель чисел $3^{5}-1$ и $3^{6}-1$.
7-A1-1-L7-g678,7,7,quadratic_basic,511,"$(0,0,0)$","Найдите все тройки целых чисел $(x, y, z)$, удовлетворяющие уравнению $x^2 + y^2 + z^2 = 2xyz$."
7-A1-2-L7-gh2,7,7,quadratic_basic,310,-24,"Найдите значение выражения $(x^2 - y^2)^2 - (x^2 + y^2)^2$ при $x = \sqrt{3}$, $y = \sqrt{2}$."
7-A1-3-L7-g678,7,7,quadratic_basic,260,0,Найдите значение выражения $(x^2-4x+4)(x^2+4x+4)-(x^2-4)^2$ при $x=123456789$.
7-A1-1-L8-gh2,7,8,quadratic_basic,2443,"$(3, -1)$","Найдите все пары целых чисел $(x, y)$, удовлетворяющие уравнению $x^2 + 4y^2 - 6x + 4y + 10 = 0$."
7-A2-2-L7-gh2,7,7,quadratic_basic,392,"$(1,1)$, $(-1,-1)$, $(1,-1)$, $(-1,1)$","Найдите все целые числа $x$ и $y$, для которых выполняется равенство $x^2 + y^2 = (x+y)^2 - 2xy$ и $x^2 + y^2 = 2$."
7-A2-3-L7-g678,7,7,quadratic_basic,371,"$(3, 3)$","Найдите все пары целых чисел $(x, y)$, для которых выполняется равенство $x^2 - 4xy + 5y^2 - 6y + 9 = 0$."
7-A2-1-L8-gh2,7,8,quadratic_basic,527,"$-3, 1, 3, 7$","Найдите все целые числа $x$, для которых выражение $\frac{2x^2 - 3x + 5}{x - 2}$ является целым числом."
7-A2-5-L8-g678,7,8,quadratic_basic,2225,"Доказательство: Так как $P(x)$ делится на $Q(x)$ при всех целых $x$, то для любого целого $x$ найдется целое $k(x)$ тако","Даны многочлены $P(x) = x^4 + ax^3 + bx^2 + cx + d$ с целыми коэффициентами и $Q(x) = x^2 + px + q$ также с целыми коэффициентами. Известно, что $P(x)$ делится на $Q(x)$ при всех целых $x$. Докажите, что $P(x)$ делится на $Q(x)$ как многочлен, то есть существует многочлен $R(x)$ с целыми коэффициент"
7-A3-21-L5-g2,7,5,gcd_lcm_basic,16,$1$,Найдите наибольший общий делитель коэффициентов в выражении $45x+31y$.
7-A3-22-L5-g2,7,5,gcd_lcm_basic,16,$1$,Найдите наибольший общий делитель коэффициентов в выражении $31x+56y$.
7-A3-23-L5-g2,7,5,fraction_of_number;quadratic_basic,48,$28$,Найдите значение $\d\frac{4x^2+8x}{x}$ при $x=5$.
7-A3-24-L5-g2,7,5,quadratic_basic,51,$2$,Чему равен коэффициент при $x^2$ в выражении $2x(x+3)$?
7-A3-4-L7-g678,7,7,quadratic_basic,393,$(x+1)(x-2)(x+3)$,Разложите на множители многочлен: $x^3 + 2x^2 - 5x - 6$.
7-A3-1-L8-gh2,7,8,quadratic_basic,656,$(x+1)^4$,"Разложите многочлен $x^4 + 4x^3 + 6x^2 + 4x + 1$ на множители с целыми коэффициентами. Докажите, что полученное разложение единственно с точностью до порядка множителей и умножения на $-1$."
7-A3-3-L8-g678,7,8,quadratic_basic,1033,нет таких целых n,"Найдите все целые числа $n$, для которых многочлен $P(x)=x^2+2x+2$ делит многочлен $Q(x)=x^{2n}+x^n+1$."
7-B1-2-L6-g678,7,6,fraction_of_number,28,$125$,От числа $250$ взяли его $\d\frac{1}{2}$. Какое число получили?
7-B1-3-L6-g678,7,6,fraction_of_number,27,$91$,От числа $182$ взяли его $\d\frac{1}{2}$. Какое число получили?
7-B2-4-L6-g678,7,6,fraction_of_number,81,$30$ руб.,"У Васи было $120$ рублей. Сначала он потратил $\d\frac{1}{2}$ всех денег, а затем $\d\frac{1}{2}$ остатка. Сколько рублей осталось?"
7-B2-5-L6-g678,7,6,fraction_of_number,27,$35$,От числа $176$ взяли его $\d\frac{1}{5}$. Какое число получили?
7-B2-2-L8-g678,7,8,quadratic_basic,2011,"$(1,1)$ и $(-1,-1)$","Найдите все пары целых чисел $(x, y)$, удовлетворяющие системе уравнений: $$\begin{cases} x^2 + y^2 = 2, \\ x^3 + y^3 = 2 \end{cases}$$"
7-B2-4-L8-g678,7,8,quadratic_basic,1433,"$(x, y) = (0, 1), (1, 0), (0, -1), (-1, 0)$","Найдите все пары целых чисел $(x, y)$, удовлетворяющие системе уравнений: \begin{cases} x^2 + y^2 = 4z + 1 \\ x + y + z = 0 \end{cases}, где $z$ — целое число."
7-C1-2-L7-g678,7,7,quadratic_basic,293,$17$,"Числа $d$ и $e$ являются корнями уравнения $x^2 - bx + c = 0 $, причём все числа $b, c, d, e$ натуральны. Известно, что $bcde = 5202 $. Какое наибольшее значение может принимать число $c$?"
7-C3-1-L7-g678,7,7,quadratic_basic,497,1,"На координатной плоскости нарисован график функции $y = x^2 - 4x + 3$. Сколько существует различных прямых, параллельных оси $Ox$, которые пересекают этот график ровно в одной точке?"
7-C3-1-L8-g678,7,8,quadratic_basic,507,"$a = 1$, точка $(1, 1)$.","На плоскости нарисован график функции $y = x^2 - 2x + 2$. Укажите все значения параметра $a$, при которых прямая $y = a$ пересекает график ровно в одной точке. Для каждого такого $a$ найдите координаты точки пересечения."
7-C3-3-L8-g678,7,8,quadratic_basic,621,"$a=3$, $b=-2$","На плоскости нарисованы графики функций $y=x^2$ и $y=ax+b$. Известно, что эти графики пересекаются в двух точках, одна из которых лежит на прямой $x=1$, а другая — на прямой $x=2$. Найдите все пары чисел $(a,b)$, при которых это возможно, и докажите, что других нет."
7-C3-4-L8-g678,7,8,quadratic_basic,982,$a = 1$,"Найдите все значения параметра $a$, при которых графики функций $y = |x^2 - 4x + 3|$ и $y = a$ имеют ровно три общие точки."
7-D1-5-L6-g678,7,6,gcd_lcm_basic,94,$1$,Найдите наибольший общий делитель чисел $2^{22}-1$ и $2^{25}-1$.
7-D1-5-L7-g678,7,7,quadratic_basic,1081,можно,"Можно ли подобрать целые числа A = 0, B = 0 и C = 0 так, чтобы каждый из многочленов
A $x^2 $+ Bxy + C $y^2 $, B $x^2 $+ Cxy + A $y^2 $ и C $x^2 $+ Axy + B $y^2 $ раскладывался в произведение двух
линейных множителей с целыми коэффициентами?"
7-G6-1-g,7,3,fraction_of_number,47,$14$,Для $x>0$ найдите наименьшее значение $x+\d\frac{49}{x}$.
7-G6-4-g,7,3,fraction_of_number,46,$8$,Для $x>0$ найдите наименьшее значение $x+\d\frac{16}{x}$.
7-G6-5-g,7,3,fraction_of_number,47,$18$,Для $x>0$ найдите наименьшее значение $x+\d\frac{81}{x}$.
7-E1-1-L7-g678,7,7,crt_basic,421,314,"Найдите наименьшее натуральное число, которое при делении на 5 даёт остаток 4, при делении на 7 даёт остаток 6, а при делении на 9 даёт остаток 8."
7-E1-2-L7-g678,7,7,crt_basic,1537,68,"Найдите наименьшее натуральное число, которое при делении на 5 даёт остаток 3, при делении на 7 даёт остаток 4, а при делении на 9 даёт остаток 5."
7-E1-4-L7-g678,7,7,crt_basic,1000,158,"Найдите наименьшее натуральное число, которое при делении на 5 даёт остаток 3, при делении на 7 даёт остаток 4, а при делении на 9 даёт остаток 5."
7-E1-5-L7-g678,7,7,crt_basic,508,419,"Найдите наименьшее натуральное число, которое при делении на 3 даёт остаток 2, при делении на 4 даёт остаток 3, при делении на 5 даёт остаток 4, а при делении на 7 даёт остаток 6."
7-F2-1-L1-g2,7,1,handshake,35,$45$,На встрече $10$ человек обменялись рукопожатиями (каждый с каждым). Сколько рукопожатий?
7-F2-1-L1-gtop2,7,1,handshake,33,$91$,"В комнате $14$ человек, каждый пожал руку каждому. Сколько рукопожатий?"
7-F2-2-L1-g2,7,1,handshake,33,$21$,На встрече $7$ человек обменялись рукопожатиями (каждый с каждым). Сколько рукопожатий?
7-F2-3-L1-g2,7,1,handshake,36,$66$,На встрече $12$ человек обменялись рукопожатиями (каждый с каждым). Сколько рукопожатий?
7-F2-4-L1-g2,7,1,handshake,33,$15$,На встрече $6$ человек обменялись рукопожатиями (каждый с каждым). Сколько рукопожатий?
7-F2-5-L2-g2,7,2,handshake,33,$28$,На встрече $8$ человек обменялись рукопожатиями (каждый с каждым). Сколько рукопожатий?
7-F2-6-L2-g2,7,2,handshake,33,$36$,На встрече $9$ человек обменялись рукопожатиями (каждый с каждым). Сколько рукопожатий?
7-F2-1-L3-gtop2,7,3,handshake,34,$171$,"В комнате $19$ человек, каждый пожал руку каждому. Сколько рукопожатий?"
7-F2-7-L3-g2,7,3,handshake,37,$105$,На встрече $15$ человек обменялись рукопожатиями (каждый с каждым). Сколько рукопожатий?
7-F2-2-L4-g3,7,4,handshake,30,$36$,"В комнате $9$ человек, каждый пожал руку каждому. Сколько рукопожатий?"
7-F2-3-L4-g3,7,4,handshake,34,$136$,"В комнате $17$ человек, каждый пожал руку каждому. Сколько рукопожатий?"
7-F2-1-L5-gtop2,7,5,handshake,33,$66$,"В комнате $12$ человек, каждый пожал руку каждому. Сколько рукопожатий?"
7-F2-5-L5-gtop2,7,5,handshake,33,$55$,"В комнате $11$ человек, каждый пожал руку каждому. Сколько рукопожатий?"
7-F2-1-L6-g678,7,6,handshake,11,$36$,На конференции $9$ человек пожали друг другу руки. Сколько рукопожатий?
7-F2-2-L6-gh2,7,6,complete_graph_edges,28,$28$,"В графе $8$ вершин, каждая соединена с каждой. Сколько рёбер?"
7-F2-5-L7-g678,7,7,handshake,374,"(1,72), (2,36), (3,24), (4,18), (6,12), (8,9), (9,8), (12,6), (18,4), (24,3), (36,2), (72,1)","На вечеринке каждый мальчик пожал руку каждой девочке ровно один раз. Всего было сделано 72 рукопожатия. Сколько мальчиков и сколько девочек могло быть на вечеринке? Укажите все возможные пары чисел (количество мальчиков, количество девочек)."
7-F3-3-L1-g3,7,1,fraction_of_number,178,нет,В квадрате со стороной $1$ выбрано $4$ точек. Обязательно ли среди них найдутся две на расстоянии не более $\d\frac{\sqrt{2}}{3}$?
7-F3-1-L6-g678,7,6,birthday_pigeonhole,32,$367$,Среди скольких человек найдутся двое с общим днём рождения (в невысокосный год)?
7-F3-5-L6-g678,7,6,socks_pigeonhole,68,$11$,"В мешке носки $10$ цветов (поровну). Какое наименьшее число носков нужно вытащить, чтобы гарантированно была пара одного цвета?"
7-G2-1-L1-g3,7,1,domino_tiling,43,$32$,Доску $8\times8$ покрыли доминошками. Сколько всего доминошек?
7-G2-1-L2-g3,7,2,domino_tiling,68,Нельзя,Можно ли доску $7\times7$ покрыть доминошками $1\times2$ целиком?
7-G2-2-L2-g3,7,2,domino_tiling,80,Нельзя,Можно ли доску $10\times10$ с одной угловой клеткой покрыть доминошками?
7-G2-3-L2-g3,7,2,domino_tiling,42,$9$,Прямоугольник $3\times6$ разрезали на доминошки. Какое минимальное число доминошек?
7-G2-4-L2-g3,7,2,domino_tiling,30,Нельзя,Можно ли прямоугольник $3\times5$ разрезать на доминошки?
7-G2-1-L3-g3,7,3,domino_tiling,42,$9$,Прямоугольник $6\times3$ разрезали на доминошки. Какое минимальное число доминошек?
7-G2-2-L3-g3,7,3,domino_tiling,80,Нельзя,Можно ли доску $6\times6$ с одной угловой клеткой покрыть доминошками?
7-G2-4-L3-g3,7,3,domino_tiling,43,$10$,Прямоугольник $4\times5$ разрезали на доминошки. Какое минимальное число доминошек?
7-G2-5-L3-g3,7,3,domino_tiling,43,$10$,Прямоугольник $5\times4$ разрезали на доминошки. Какое минимальное число доминошек?
7-G2-1-L4-g3,7,4,domino_tiling,80,Нельзя,Можно ли доску $8\times8$ с одной угловой клеткой покрыть доминошками?
7-G2-2-L4-g3,7,4,domino_tiling,42,$6$,Прямоугольник $4\times3$ разрезали на доминошки. Какое минимальное число доминошек?
7-G2-3-L4-g3,7,4,domino_tiling,68,Нельзя,Можно ли доску $5\times5$ покрыть доминошками $1\times2$ целиком?
7-G2-4-L4-g3,7,4,domino_tiling,42,$6$,Прямоугольник $3\times4$ разрезали на доминошки. Какое минимальное число доминошек?
7-G2-5-L4-g3,7,4,domino_tiling,43,$12$,Прямоугольник $4\times6$ разрезали на доминошки. Какое минимальное число доминошек?
7-G2-3-L5-g3,7,5,domino_tiling,30,Нельзя,Можно ли прямоугольник $5\times5$ разрезать на доминошки?
7-G2-4-L5-g3,7,5,domino_tiling,42,$8$,Прямоугольник $4\times4$ разрезали на доминошки. Какое минимальное число доминошек?
7-G2-5-L5-g3,7,5,domino_tiling,43,$18$,Прямоугольник $6\times6$ разрезали на доминошки. Какое минимальное число доминошек?
7-G2-2-L6-g678,7,6,domino_tiling,80,нет,Можно ли покрыть прямоугольник $10\times10$ без двух противоположных угловых клеток доминошками $1\times2$?
7-G2-5-L6-g678,7,6,domino_tiling,59,нет,Можно ли разрезать прямоугольник $5\times5$ на доминошки $1\times2$?
7-G2-5-L7-g678,7,7,domino_tiling,590,Нет,Можно ли замостить доску размером $5 \times 5$ без одной угловой клетки костяшками домино $1 \times 2$? Ответ обоснуйте.
7-G2-2-L8-g678,7,8,domino_tiling,1253,Нельзя,"Доску $7 \times 7$ раскрасили в шахматном порядке. Можно ли замостить её $16$ плитками домино ($2 \times 1$) и одной плиткой тетрамино $T$-формы (три клетки в ряд и одна под центром) так, чтобы плитки не перекрывались и покрывали всю доску? Плитки можно поворачивать. Ответ обоснуйте."
7-G3-2-L6-g678,7,6,chocolate_game_1xn,14,первый,Двое ломают шоколадку $16\times1$. Выигрывает последний разлом. Кто?
7-G3-4-L6-g678,7,6,chocolate_game_1xn,13,второй,Двое ломают шоколадку $9\times1$. Выигрывает последний разлом. Кто?
8-A2-11-L1-g,8,1,fraction_of_number,49,$5$,Вычислите: $\d\frac{22}{4}-\d\frac{2}{4}$.
8-A2-2-L1-g,8,1,fraction_of_number,53,$2$,Вычислите: $\d\frac{24}{11}-\d\frac{2}{11}$.
8-A2-3-L1-g,8,1,fraction_of_number,54,$5$,Вычислите: $\d\frac{70}{12}-\d\frac{10}{12}$.
8-A2-4-L1-g,8,1,fraction_of_number,50,$5$,Вычислите: $\d\frac{53}{9}-\d\frac{8}{9}$.
8-A2-5-L1-g,8,1,fraction_of_number,53,$1$,Вычислите: $\d\frac{14}{10}-\d\frac{4}{10}$.
8-A2-7-L1-g,8,1,fraction_of_number,53,$1$,Вычислите: $\d\frac{14}{12}-\d\frac{2}{12}$.
8-A2-8-L1-g,8,1,fraction_of_number,50,$4$,Вычислите: $\d\frac{29}{7}-\d\frac{1}{7}$.
8-A2-14-L2-g,8,2,fraction_of_number,48,$6$,Вычислите: $\d\frac{20}{3}-\d\frac{2}{3}$.
8-A2-18-L2-g,8,2,fraction_of_number,50,$4$,Вычислите: $\d\frac{34}{8}-\d\frac{2}{8}$.
8-A2-19-L2-g,8,2,fraction_of_number,50,$3$,Вычислите: $\d\frac{24}{7}-\d\frac{3}{7}$.
8-A2-21-L2-g,8,2,fraction_of_number,50,$6$,Вычислите: $\d\frac{56}{9}-\d\frac{2}{9}$.
8-A2-24-L2-g,8,2,fraction_of_number,50,$5$,Вычислите: $\d\frac{41}{8}-\d\frac{1}{8}$.
8-A2-25-L2-g,8,2,fraction_of_number,53,$3$,Вычислите: $\d\frac{38}{11}-\d\frac{5}{11}$.
8-A2-27-L2-g,8,2,fraction_of_number,53,$6$,Вычислите: $\d\frac{63}{10}-\d\frac{3}{10}$.
8-A2-28-L2-g,8,2,fraction_of_number,34,$2$,Вычислите: $\d\frac{9}{4}-\d\frac{2}{8}$.
8-A1-1-L3-gtop2,8,3,quadratic_basic,60,"$x_1=2, x_2=6$",Решите уравнение: $x^2-8x+12=0$.
8-A1-2-L3-gtop2,8,3,quadratic_basic,59,"$x_1=4, x_2=2$",Решите уравнение: $x^2-6x+8=0$.
8-A1-3-L3-gtop2,8,3,quadratic_basic,63,"$x_1=5, x_2=-7$",Решите уравнение: $x^2+2x-35=0$.
8-A1-4-L6-g678,8,6,quadratic_basic,112,3;4,Решите уравнение: $x^2 - 7x + 12 = 0$.
8-A1-7-L6-gf,8,6,quadratic_basic,198,7,Найдите сумму корней уравнения $x^2 - 7x + 10 = 0$.
8-A1-1-L7-gh2,8,7,quadratic_basic,3553,"$a=0$, $a=2$","Найдите все значения параметра $a$, при которых уравнение $x^2 - (a+2)x + 2a = 0$ имеет два различных корня, и оба корня являются целыми числами."
8-A2-1-L1-g,8,1,quadratic_basic,61,"$x_1=8, x_2=6$",Решите уравнение: $x^2-14x+48=0$.
8-A2-10-L1-g,8,1,quadratic_basic,60,"$x_1=5, x_2=4$",Решите уравнение: $x^2-9x+20=0$.
8-A2-12-L1-g,8,1,quadratic_basic,61,"$x_1=4, x_2=6$",Решите уравнение: $x^2-10x+24=0$.
8-A2-6-L1-g,8,1,quadratic_basic,61,"$x_1=8, x_2=2$",Решите уравнение: $x^2-10x+16=0$.
8-A2-9-L1-g,8,1,quadratic_basic,61,"$x_1=9, x_2=8$",Решите уравнение: $x^2-17x+72=0$.
8-A2-13-L2-g,8,2,quadratic_basic,59,"$x_1=3, x_2=1$",Решите уравнение: $x^2-4x+3=0$.
8-A2-15-L2-g,8,2,quadratic_basic,61,"$x_1=9, x_2=6$",Решите уравнение: $x^2-15x+54=0$.
8-A2-16-L2-g,8,2,quadratic_basic,61,"$x_1=9, x_2=5$",Решите уравнение: $x^2-14x+45=0$.
8-A2-17-L2-g,8,2,quadratic_basic,61,"$x_1=7, x_2=4$",Решите уравнение: $x^2-11x+28=0$.
8-A2-20-L2-g,8,2,quadratic_basic,61,"$x_1=8, x_2=7$",Решите уравнение: $x^2-15x+56=0$.
8-A2-22-L2-g,8,2,quadratic_basic,61,"$x_1=5, x_2=7$",Решите уравнение: $x^2-12x+35=0$.
8-A2-23-L2-g,8,2,quadratic_basic,61,"$x_1=9, x_2=3$",Решите уравнение: $x^2-12x+27=0$.
8-A2-26-L2-g,8,2,quadratic_basic,61,"$x_1=3, x_2=8$",Решите уравнение: $x^2-11x+24=0$.
8-A2-1-L3-g2,8,3,quadratic_basic,130,$74$,"Корни уравнения $x^2-12x+35=0$ равны $x_1, x_2$. Найдите $x_1^2+x_2^2$."
8-A2-2-L3-g2,8,3,quadratic_basic,130,$68$,"Корни уравнения $x^2-10x+16=0$ равны $x_1, x_2$. Найдите $x_1^2+x_2^2$."
8-A2-3-L3-g2,8,3,quadratic_basic,132,$113$,"Корни уравнения $x^2-15x+56=0$ равны $x_1, x_2$. Найдите $x_1^2+x_2^2$."
8-A2-4-L3-g2,8,3,quadratic_basic,133,$80$,"Корни уравнения $x^2+4x-32=0$ равны $x_1, x_2$. Найдите $x_1^2+x_2^2$."
8-A2-5-L3-g2,8,3,quadratic_basic,129,$17$,"Корни уравнения $x^2+3x-4=0$ равны $x_1, x_2$. Найдите $x_1^2+x_2^2$."
8-A2-10-L4-g2,8,4,quadratic_basic,124,$2$,"Корни уравнения $x^2+0x-1=0$ равны $x_1, x_2$. Найдите $x_1^2+x_2^2$."
8-A2-6-L4-g2,8,4,quadratic_basic,128,$37$,"Корни уравнения $x^2-5x-6=0$ равны $x_1, x_2$. Найдите $x_1^2+x_2^2$."
8-A2-7-L4-g2,8,4,quadratic_basic,130,$73$,"Корни уравнения $x^2-5x-24=0$ равны $x_1, x_2$. Найдите $x_1^2+x_2^2$."
8-A2-8-L4-g2,8,4,quadratic_basic,132,$117$,"Корни уравнения $x^2-15x+54=0$ равны $x_1, x_2$. Найдите $x_1^2+x_2^2$."
8-A2-9-L4-g2,8,4,quadratic_basic,128,$65$,"Корни уравнения $x^2-7x-8=0$ равны $x_1, x_2$. Найдите $x_1^2+x_2^2$."
8-A2-11-L5-g2,8,5,quadratic_basic,123,$10$,"Корни уравнения $x^2-4x+3=0$ равны $x_1, x_2$. Найдите $x_1^2+x_2^2$."
8-A2-12-L5-g2,8,5,quadratic_basic,126,$25$,"Корни уравнения $x^2-7x+12=0$ равны $x_1, x_2$. Найдите $x_1^2+x_2^2$."
8-A2-13-L5-g2,8,5,quadratic_basic,129,$45$,"Корни уравнения $x^2-3x-18=0$ равны $x_1, x_2$. Найдите $x_1^2+x_2^2$."
8-A2-14-L5-g2,8,5,quadratic_basic,126,$41$,"Корни уравнения $x^2-9x+20=0$ равны $x_1, x_2$. Найдите $x_1^2+x_2^2$."
8-A2-15-L5-g2,8,5,quadratic_basic,130,$65$,"Корни уравнения $x^2-11x+28=0$ равны $x_1, x_2$. Найдите $x_1^2+x_2^2$."
8-A2-1-L7-g678,8,7,quadratic_basic,589,"a = 3, a = 7","Найдите все целые значения параметра $a$, при которых уравнение $x^2 - (a+5)x + 5a + 1 = 0$ имеет целые корни."
8-A2-2-L7-g678,8,7,quadratic_basic,1106,9,Пусть $x_1$ и $x_2$ — корни уравнения $x^2 - 3x + 1 = 0$. Найдите значение выражения $\frac{x_1^2}{x_2} + \frac{x_2^2}{x_1}$.
8-A2-4-L7-g678,8,7,quadratic_basic,2439,$-a-b$,"Пусть $x_1$ и $x_2$ — корни уравнения $x^2+ax+bc=0$, а $x_2$ и $x_3$ — корни уравнения $x^2+bx+ac=0$. Известно, что $a$, $b$, $c$ — попарно различные ненулевые числа, и $x_1x_2x_3 \neq 0$. Найдите $x_1+x_3$."
8-A2-2-L8-g678,8,8,quadratic_basic,499,Таких троек нет.,"Найдите все тройки целых чисел $(a,b,c)$ такие, что числа $a$, $b$, $c$ попарно различны и являются корнями квадратного трёхчлена $x^2+px+q$ (с действительными коэффициентами) при некотором выборе $p$ и $q$."
8-A2-3-L8-g678,8,8,quadratic_basic,2946,"$(1, 3)$, $(5, 3)$, $(2, 4)$, $(4, 4)$","Найдите все пары целых чисел $(x, y)$, удовлетворяющие уравнению $x^2 + y^2 + xy = 7x + 8y + 9$."
8-A3-1-L1-g2,8,1,quadratic_basic,49,$a=6$,При каком значении параметра $a=6$ уравнение $6x^2=96$ имеет корень $x=4$?
8-A3-2-L1-g2,8,1,quadratic_basic,48,$a=5$,При каком значении параметра $a=5$ уравнение $5x^2=5$ имеет корень $x=1$?
8-A3-3-L1-g2,8,1,quadratic_basic,49,$a=6$,При каком значении параметра $a=6$ уравнение $6x^2=54$ имеет корень $x=3$?
8-A3-4-L1-g2,8,1,quadratic_basic,49,$a=4$,При каком значении параметра $a=4$ уравнение $4x^2=16$ имеет корень $x=2$?
8-A3-5-L1-g2,8,1,quadratic_basic,50,$a=6$,При каком значении параметра $a=6$ уравнение $6x^2=486$ имеет корень $x=9$?
8-A3-10-L2-g2,8,2,quadratic_basic,49,$a=4$,При каком значении параметра $a=4$ уравнение $4x^2=64$ имеет корень $x=4$?
8-A3-6-L2-g2,8,2,quadratic_basic,50,$a=5$,При каком значении параметра $a=5$ уравнение $5x^2=245$ имеет корень $x=7$?
8-A3-7-L2-g2,8,2,quadratic_basic,49,$a=2$,При каком значении параметра $a=2$ уравнение $2x^2=98$ имеет корень $x=7$?
8-A3-8-L2-g2,8,2,quadratic_basic,50,$a=6$,При каком значении параметра $a=6$ уравнение $6x^2=150$ имеет корень $x=5$?
8-A3-9-L2-g2,8,2,quadratic_basic,50,$a=6$,При каком значении параметра $a=6$ уравнение $6x^2=216$ имеет корень $x=6$?
8-A3-11-L3-g2,8,3,quadratic_basic,50,$a=4$,При каком значении параметра $a=4$ уравнение $4x^2=144$ имеет корень $x=6$?
8-A3-12-L3-g2,8,3,quadratic_basic,49,$a=2$,При каком значении параметра $a=2$ уравнение $2x^2=72$ имеет корень $x=6$?
8-A3-13-L3-g2,8,3,quadratic_basic,48,$a=2$,При каком значении параметра $a=2$ уравнение $2x^2=8$ имеет корень $x=2$?
8-A3-14-L3-g2,8,3,quadratic_basic,49,$a=3$,При каком значении параметра $a=3$ уравнение $3x^2=12$ имеет корень $x=2$?
8-A3-15-L3-g2,8,3,quadratic_basic,50,$a=3$,При каком значении параметра $a=3$ уравнение $3x^2=108$ имеет корень $x=6$?
8-A3-16-L4-g2,8,4,quadratic_basic,48,$a=6$,При каком значении параметра $a=6$ уравнение $6x^2=6$ имеет корень $x=1$?
8-A3-17-L4-g2,8,4,quadratic_basic,50,$a=3$,При каком значении параметра $a=3$ уравнение $3x^2=147$ имеет корень $x=7$?
8-A3-18-L4-g2,8,4,quadratic_basic,48,$a=2$,При каком значении параметра $a=2$ уравнение $2x^2=2$ имеет корень $x=1$?
8-A3-19-L4-g2,8,4,quadratic_basic,49,$a=4$,При каком значении параметра $a=4$ уравнение $4x^2=36$ имеет корень $x=3$?
8-A3-20-L4-g2,8,4,quadratic_basic,50,$a=2$,При каком значении параметра $a=2$ уравнение $2x^2=128$ имеет корень $x=8$?
8-A3-21-L5-g2,8,5,quadratic_basic,50,$a=4$,При каком значении параметра $a=4$ уравнение $4x^2=196$ имеет корень $x=7$?
8-A3-22-L5-g2,8,5,quadratic_basic,50,$a=4$,При каком значении параметра $a=4$ уравнение $4x^2=100$ имеет корень $x=5$?
8-A3-23-L5-g2,8,5,quadratic_basic,49,$a=5$,При каком значении параметра $a=5$ уравнение $5x^2=80$ имеет корень $x=4$?
8-A3-24-L5-g2,8,5,quadratic_basic,50,$a=4$,При каком значении параметра $a=4$ уравнение $4x^2=256$ имеет корень $x=8$?
8-A3-25-L5-g2,8,5,quadratic_basic,49,$a=5$,При каком значении параметра $a=5$ уравнение $5x^2=45$ имеет корень $x=3$?
8-A3-1-L7-gh4,8,7,crt_basic,923,$37$,"На доске было записано четырехзначное число. Хулиган Петя на перемене стер у числа две соседние цифры, так что на доске осталось число 34. Отличник Вася пытается восстановить число, зная, что оно при делении на 3 дает остаток 2, а при делении на 5 — остаток 4. Сколько подходящих чисел найдет Вася, е"
8-A3-1-L8-gh4,8,8,quadratic_basic,1095,$a = -1$ или $a = 3$,"Найдите все значения параметра $a$, при которых уравнение $x^2 + (a-1)x + a = 0$ имеет два различных действительных корня, и при этом корни являются целыми числами."
8-A3-1-L8-gh5,8,8,quadratic_basic,3164,$a \in ( -1; 2] \cup [4; 5)$,"Найдите все значения параметра $a$, при которых уравнение $x^2 - 2(a-1)x + a + 5 = 0$ имеет два различных корня, и при этом оба корня принадлежат отрезку $[0, 4]$."
8-A3-2-L8-gh5,8,8,quadratic_basic,3775,"$a \in (-\infty, -2) \cup (4, +\infty)$","Найдите все значения параметра $a$, при которых уравнение $x^2 + (a-2)x + a = 0$ имеет два различных корня, и при этом один из корней меньше $1$, а другой больше $2$."
8-A3-3-L8-gh5,8,8,quadratic_basic,647,$a=0$ или $a=8$,"Найдите все значения параметра $a$, при которых уравнение $x^2 + (a-2)x + a = 0$ имеет два различных целых корня."
8-A3-4-L8-gh5,8,8,quadratic_basic,3362,$a = 1$,"Найдите все значения параметра $a$, при которых уравнение $(x^2 - 2x + a)(x^2 - 2x + 3a) = 0$ имеет ровно три различных корня."
8-B1-1-L6-g678,8,6,fraction_of_number,27,$21$,От числа $105$ взяли его $\d\frac{1}{5}$. Какое число получили?
8-B1-3-L6-g678,8,6,fraction_of_number,27,$55$,От числа $222$ взяли его $\d\frac{1}{4}$. Какое число получили?
8-B1-4-L6-g678,8,6,fraction_of_number,27,$47$,От числа $238$ взяли его $\d\frac{1}{5}$. Какое число получили?
8-G6-6-g,8,5,fraction_of_number,50,Верно; равенство при $a=b=c$,"Для $a,b,c>0$ докажите $\d\frac{a^2}{b}+\d\frac{b^2}{c}+\d\frac{c^2}{a}\ge a+b+c$."
8-B2-1-L6-g678,8,6,fraction_of_number,27,$96$,От числа $289$ взяли его $\d\frac{1}{3}$. Какое число получили?
8-B2-2-L6-g678,8,6,fraction_of_number,26,$46$,От числа $93$ взяли его $\d\frac{1}{2}$. Какое число получили?
8-B2-4-L6-g678,8,6,fraction_of_number,80,$30$ руб.,"У Васи было $60$ рублей. Сначала он потратил $\d\frac{1}{3}$ всех денег, а затем $\d\frac{1}{4}$ остатка. Сколько рублей осталось?"
8-B2-4-L8-g678,8,8,quadratic_basic,899,1,Найдите наименьшее значение выражения $\frac{(x^2+1)(y^2+1)}{(x+y)^2}$ для положительных действительных чисел $x$ и $y$.
8-B3-1-L1-g3,8,1,fraction_of_number,48,$2$,Вычислите значение выражения $\d\frac{3}{3}+\d\frac{3}{3}$.
8-B3-3-L1-g3,8,1,fraction_of_number,48,$1$,Вычислите значение выражения $\d\frac{2}{4}+\d\frac{2}{4}$.
8-B3-1-L2-g3,8,2,fraction_of_number,52,$1$,Вычислите значение выражения $\d\frac{4}{12}+\d\frac{8}{12}$.
8-G6-3-g,8,3,fraction_of_number,45,$4$,Для $x>0$ найдите наименьшее значение $x+\d\frac{4}{x}$.
8-B3-2-L6-g678,8,6,fraction_of_number,27,$63$,От числа $189$ взяли его $\d\frac{1}{3}$. Какое число получили?
8-B3-4-L6-g678,8,6,fraction_of_number,28,$110$,От числа $220$ взяли его $\d\frac{1}{2}$. Какое число получили?
8-B3-1-L8-g678,8,8,quadratic_basic,418,3,"Найдите наименьшее значение выражения $\frac{x^2+xy+y^2}{xy}$ для положительных действительных чисел $x$ и $y$, удовлетворяющих условию $x^3+y^3=2$."
8-C1-1-L7-gh5,8,7,quadratic_basic,2483,"(2,1) и (1,2)","Найдите все пары натуральных чисел $(x,y)$, удовлетворяющие системе уравнений: $\begin{cases} x^2 + y^2 = 2xy + 2 \\ x^3 + y^3 = 3xy + 1 \end{cases}$."
8-C1-2-L7-g678,8,7,quadratic_basic,410,"$(2;1),\,(-2;-1),\,(1;2),\,(-1;-2)$",Решите систему уравнений: $\begin{cases} x^2 + xy + y^2 = 7 \\ x^2 - xy + y^2 = 3 \end{cases}$.
8-C1-1-L8-gh2,8,8,quadratic_basic,968,$(4;3)$ или $(3;4)$,Решите систему уравнений в целых числах: $\begin{cases} x^2 + y^2 = 25 \\ x^3 + y^3 = 91 \end{cases}$.
8-C1-1-L8-gh5,8,8,quadratic_basic,3251,"$(4,3,3)$ и все перестановки","Найдите все тройки целых чисел $(x,y,z)$, удовлетворяющие системе:
$$
\begin{cases}
x^2 + y^2 + z^2 = 2(xy + yz + zx),\\
x + y + z = 10.
\end{cases}
$$"
8-C1-3-L8-gh5,8,8,quadratic_basic,679,"$(1, -1), (-1, 1)$","Найдите все пары целых чисел $(x, y)$, удовлетворяющие системе уравнений: $\begin{cases} x^2 + 2y^2 = 3, \\ x^2 + xy + y^2 = 1. \end{cases}$"
8-D1-1-L1-g2,8,1,quadratic_basic,61,"$x_1=7, x_2=-1$",Решите уравнение: $x^2-6x-7=0$.
8-D1-2-L1-g2,8,1,quadratic_basic,60,"$x_1=3, x_2=6$",Решите уравнение: $x^2-9x+18=0$.
8-D1-4-L1-g2,8,1,quadratic_basic,60,"$x_1=5, x_2=3$",Решите уравнение: $x^2-8x+15=0$.
8-D1-5-L1-g2,8,1,quadratic_basic,60,"$x_1=7, x_2=2$",Решите уравнение: $x^2-9x+14=0$.
8-D1-10-L2-g2,8,2,quadratic_basic,62,"$x_1=7, x_2=-6$",Решите уравнение: $x^2-1x-42=0$.
8-D1-7-L2-g2,8,2,quadratic_basic,63,"$x_1=5, x_2=-6$",Решите уравнение: $x^2+1x-30=0$.
8-D1-8-L2-g2,8,2,quadratic_basic,59,"$x_1=7, x_2=0$",Решите уравнение: $x^2-7x+0=0$.
8-D1-9-L2-g2,8,2,quadratic_basic,62,"$x_1=7, x_2=-5$",Решите уравнение: $x^2-2x-35=0$.
8-D1-11-L3-g2,8,3,quadratic_basic,59,"$x_1=1, x_2=7$",Решите уравнение: $x^2-8x+7=0$.
8-D1-12-L3-g2,8,3,quadratic_basic,62,"$x_1=6, x_2=-3$",Решите уравнение: $x^2-3x-18=0$.
8-D1-13-L3-g2,8,3,quadratic_basic,62,"$x_1=5, x_2=-5$",Решите уравнение: $x^2+0x-25=0$.
8-D1-14-L3-g2,8,3,quadratic_basic,62,"$x_1=6, x_2=-2$",Решите уравнение: $x^2-4x-12=0$.
8-D1-15-L3-g2,8,3,quadratic_basic,62,"$x_1=9, x_2=-5$",Решите уравнение: $x^2-4x-45=0$.
8-D1-17-L4-g2,8,4,quadratic_basic,61,"$x_1=3, x_2=-3$",Решите уравнение: $x^2+0x-9=0$.
8-D1-18-L4-g2,8,4,quadratic_basic,62,"$x_1=9, x_2=-4$",Решите уравнение: $x^2-5x-36=0$.
8-D1-19-L4-g2,8,4,quadratic_basic,62,"$x_1=6, x_2=-5$",Решите уравнение: $x^2-1x-30=0$.
8-D1-3-L7-g678,8,7,quadratic_basic,513,$a = 1$,"Найдите все значения параметра $a$, при которых вершина параболы $y = 2x^2 - 4ax + a^2 + 1$ лежит на прямой $y = 3x - 2$."
8-D1-5-L7-g678,8,7,quadratic_basic,321,$a = 2$,"Найдите все значения параметра $a$, при каждом из которых вершина параболы $y = x^2 - 2ax + a^2 + 1$ лежит на прямой $y = 2x - 3$."
8-D1-4-L8-g678,8,8,quadratic_basic,664,"$a \in [-1, 2] \setminus \{0\}$","Найдите все значения параметра $a$, при которых уравнение $x^2 - 2ax + a^2 - 1 = 0$ имеет два различных корня, и каждый из них принадлежит отрезку $[-2; 3]$."
8-D1-5-L8-g678,8,8,quadratic_basic,812,$a = 0$,"Найдите все значения параметра $a$, при которых ровно одна точка графика функции $y = x^2 - 2ax + a^2 + 2a$ лежит на оси $Ox$."
8-D2-1-L1-g2,8,1,quadratic_basic,126,$40$,"Корни уравнения $x^2-8x+12=0$ равны $x_1, x_2$. Найдите $x_1^2+x_2^2$."
8-D2-2-L1-g2,8,1,quadratic_basic,130,$73$,"Корни уравнения $x^2-11x+24=0$ равны $x_1, x_2$. Найдите $x_1^2+x_2^2$."
8-D2-3-L1-g2,8,1,quadratic_basic,128,$50$,"Корни уравнения $x^2-6x-7=0$ равны $x_1, x_2$. Найдите $x_1^2+x_2^2$."
8-D2-4-L1-g2,8,1,quadratic_basic,130,$100$,"Корни уравнения $x^2-2x-48=0$ равны $x_1, x_2$. Найдите $x_1^2+x_2^2$."
8-D2-5-L1-g2,8,1,quadratic_basic,132,$145$,"Корни уравнения $x^2-17x+72=0$ равны $x_1, x_2$. Найдите $x_1^2+x_2^2$."
8-D2-10-L2-g2,8,2,quadratic_basic,123,$64$,"Корни уравнения $x^2-8x+0=0$ равны $x_1, x_2$. Найдите $x_1^2+x_2^2$."
8-D2-6-L2-g2,8,2,quadratic_basic,131,$106$,"Корни уравнения $x^2-4x-45=0$ равны $x_1, x_2$. Найдите $x_1^2+x_2^2$."
8-D2-7-L2-g2,8,2,quadratic_basic,130,$97$,"Корни уравнения $x^2-13x+36=0$ равны $x_1, x_2$. Найдите $x_1^2+x_2^2$."
8-D2-8-L2-g2,8,2,quadratic_basic,131,$100$,"Корни уравнения $x^2-14x+48=0$ равны $x_1, x_2$. Найдите $x_1^2+x_2^2$."
8-D2-9-L2-g2,8,2,quadratic_basic,128,$98$,"Корни уравнения $x^2+0x-49=0$ равны $x_1, x_2$. Найдите $x_1^2+x_2^2$."
8-D2-11-L3-g2,8,3,quadratic_basic,134,$117$,"Корни уравнения $x^2+3x-54=0$ равны $x_1, x_2$. Найдите $x_1^2+x_2^2$."
8-D2-12-L3-g2,8,3,quadratic_basic,126,$53$,"Корни уравнения $x^2-9x+14=0$ равны $x_1, x_2$. Найдите $x_1^2+x_2^2$."
8-D2-13-L3-g2,8,3,quadratic_basic,130,$85$,"Корни уравнения $x^2-11x+18=0$ равны $x_1, x_2$. Найдите $x_1^2+x_2^2$."
8-D2-14-L3-g2,8,3,quadratic_basic,130,$89$,"Корни уравнения $x^2-13x+40=0$ равны $x_1, x_2$. Найдите $x_1^2+x_2^2$."
8-D2-15-L3-g2,8,3,quadratic_basic,123,$81$,"Корни уравнения $x^2-9x+0=0$ равны $x_1, x_2$. Найдите $x_1^2+x_2^2$."
8-D2-16-L4-g2,8,4,quadratic_basic,134,$106$,"Корни уравнения $x^2+4x-45=0$ равны $x_1, x_2$. Найдите $x_1^2+x_2^2$."
8-D2-17-L4-g2,8,4,quadratic_basic,131,$130$,"Корни уравнения $x^2-2x-63=0$ равны $x_1, x_2$. Найдите $x_1^2+x_2^2$."
8-D2-18-L4-g2,8,4,quadratic_basic,133,$73$,"Корни уравнения $x^2+5x-24=0$ равны $x_1, x_2$. Найдите $x_1^2+x_2^2$."
8-D2-19-L4-g2,8,4,quadratic_basic,130,$80$,"Корни уравнения $x^2-4x-32=0$ равны $x_1, x_2$. Найдите $x_1^2+x_2^2$."
8-D2-20-L4-g2,8,4,quadratic_basic,123,$17$,"Корни уравнения $x^2-5x+4=0$ равны $x_1, x_2$. Найдите $x_1^2+x_2^2$."
8-D2-21-L5-g2,8,5,quadratic_basic,132,$85$,"Корни уравнения $x^2+1x-42=0$ равны $x_1, x_2$. Найдите $x_1^2+x_2^2$."
8-D2-22-L5-g2,8,5,quadratic_basic,129,$65$,"Корни уравнения $x^2-3x-28=0$ равны $x_1, x_2$. Найдите $x_1^2+x_2^2$."
8-D2-23-L5-g2,8,5,quadratic_basic,130,$90$,"Корни уравнения $x^2-12x+27=0$ равны $x_1, x_2$. Найдите $x_1^2+x_2^2$."
8-D2-24-L5-g2,8,5,quadratic_basic,130,$61$,"Корни уравнения $x^2-11x+30=0$ равны $x_1, x_2$. Найдите $x_1^2+x_2^2$."
8-D2-25-L5-g2,8,5,quadratic_basic,130,$80$,"Корни уравнения $x^2-12x+32=0$ равны $x_1, x_2$. Найдите $x_1^2+x_2^2$."
8-D2-3-L7-g678,8,7,quadratic_basic,762,$a=1$,"Найдите все значения параметра $a$, при которых уравнение $|x^2 - 4x + 3| = a$ имеет ровно три различных корня."
8-D2-4-L7-g678,8,7,quadratic_basic,814,1,"Найдите все значения $a$, при которых график функции $y = |x^2 - 4x + 3|$ и прямая $y = a$ имеют ровно три общие точки."
8-D2-4-L8-g678,8,8,quadratic_basic,1235,$a = \frac{3}{2}$,"Найдите все значения параметра $a$, при которых уравнение $|x^2 - 2x - 3| = 2a - 1$ имеет ровно три различных действительных корня."
8-D2-5-L8-g678,8,8,quadratic_basic,4127,$a = -2$ или $a = 2$,"Найдите все значения параметра $a$, при которых уравнение $|x^2 - 4| + |x + a| = 4$ имеет ровно три различных решения."
8-D3-3-L6-g678,8,6,gcd_lcm_basic,94,$6$,Найдите наибольший общий делитель чисел $7^{13}-1$ и $7^{16}-1$.
8-D3-2-L7-g678,8,7,quadratic_basic,772,$a = \frac{9}{4}$,"Найдите все значения параметра $a$, при которых графики функций $y = |x^2 - 3x|$ и $y = a$ имеют ровно три общие точки."
8-D3-4-L7-g678,8,7,quadratic_basic,590,$a = 3$,"Найдите все значения параметра $a$, при которых графики функций $y = x^2 - 4x + 3$ и $y = |x - a|$ имеют ровно три общие точки."
8-D3-1-L8-g678,8,8,quadratic_basic,492,$a = 0$,"Найдите все значения параметра $a$, при которых графики функций $y = x^2 - 2|x| + 1$ и $y = a$ имеют ровно три общие точки."
8-D3-5-L8-g678,8,8,quadratic_basic,541,"Доказать, что $p$ и $q$ не могут быть одновременно нечётными.","На плоскости задана функция $f(x)=x^2+px+q$ с целыми коэффициентами $p$ и $q$. Известно, что график $y=f(x)$ пересекает оси координат в трёх различных целых точках (с целыми координатами). Докажите, что $p$ и $q$ не могут быть одновременно нечётными."
8-E1-3-L6-g678,8,6,gcd_lcm_basic,94,$2$,Найдите наибольший общий делитель чисел $3^{28}-1$ и $3^{29}-1$.
8-F1-5-L8-g678,8,8,domino_tiling,1103,$42 доминошки$,"Доминошки $1 \times 2 $ кладут без наложений на шахматную доску $8 \times 8 $. При этом доминошки могут вылезать за границу доски, но центр каждой доминошки должен лежать строго внутри доски (не на границе). Положите таким образом на доску
 а) хотя бы 40 доминошек;
 б) хотя бы 41 доминошку;
 в) боле"
8-F2-2-L6-g678,8,6,handshake,60,$36$,На конференции $9$ человек пожали друг другу руки. Сколько всего рукопожатий?
8-F2-5-L6-g678,8,6,handshake,11,$66$,На конференции $12$ человек пожали друг другу руки. Сколько рукопожатий?
8-F2-3-L7-g678,8,7,quadratic_basic,3864,"$(3,1)$, $(5,3)$","Найдите все пары натуральных чисел $(x, y)$, для которых $x^2 + 2y^2 = 2xy + 4y + 3$."
8-F2-5-L7-g678,8,7,quadratic_basic,447,"$(1,1), (-1,-1), (3,1), (-3,-1)$","Найдите все пары целых чисел $(x, y)$, удовлетворяющие уравнению $x^2 - 4xy + 5y^2 = 2$."
8-F2-1-L8-g678,8,8,quadratic_basic,1488,"$(1, 5)$, $(1, 1)$, $(3, 5)$, $(3, 1)$","Найдите все пары целых чисел $(x, y)$, удовлетворяющих уравнению $x^2 + y^2 = 4x + 6y + 3$."
8-F2-2-L8-g678,8,8,quadratic_basic,964,"$(1,1,1)$, $(1,1,2)$, $(1,2,1)$, $(2,1,1)$","Найдите все тройки натуральных чисел $(x,y,z)$, для которых выполнено равенство $x^2 + y^2 + z^2 = 3xyz$."
8-F2-3-L8-g678,8,8,quadratic_basic,1897,"$(0,2), (2,0), (2,2), (0,0)$","Найдите все пары целых чисел $(x,y)$, удовлетворяющие уравнению $x^2 + y^2 = 2x + 2y + 2$."
8-F3-1-L6-gh2,8,6,socks_pigeonhole,32,$14$,"В мешке носки $13$ цветов. Сколько вытащить, чтобы была пара одного цвета?"
8-F3-3-L6-g678,8,6,socks_pigeonhole,32,$11$,"В мешке носки $10$ цветов. Сколько вытащить, чтобы была пара одного цвета?"
8-F3-4-L6-g678,8,6,socks_pigeonhole,65,$7$,"В мешке носки $6$ цветов (поровну). Какое наименьшее число носков нужно вытащить, чтобы гарантированно была пара одного цвета?"
8-F3-1-L7-g678,8,7,quadratic_basic,3390,"$(1,1,1)$ и $(1,1,2)$ и их перестановки","Найдите все тройки натуральных чисел $(x, y, z)$ такие, что $x^2 + y^2 + z^2 = 3xyz$."
8-F3-5-L8-g678,8,8,quadratic_basic,454,1,"Найдите наибольшее целое число $a$, для которого существует целое $x$ такое, что число $x^2 + ax + 1$ делится на $x^2 + x + 1$."
8-G2-1-L6-g678,8,6,domino_tiling,70,нет,Прямоугольник $3\times3$ без двух противоположных углов. Можно ли замостить доминошками?
8-G2-2-L6-g678,8,6,domino_tiling,21,нет,Можно ли прямоугольник $3\times5$ замостить доминошками $1\times2$?
8-G2-3-L6-g678,8,6,domino_tiling,124,нет,Можно ли покрыть шахматную доску $8\times8$ без одной угловой клетки доминошками $1\times2$?
8-G2-4-L6-g678,8,6,domino_tiling,70,нет,Прямоугольник $3\times4$ без двух противоположных углов. Можно ли замостить доминошками?
8-G2-5-L6-g678,8,6,domino_tiling,70,нет,Прямоугольник $4\times3$ без двух противоположных углов. Можно ли замостить доминошками?
9-A1-1-L1-gf3,9,1,quadratic_basic,29,$7$,"Корни $x_1,x_2$ уравнения $x^2-7x+12=0$. Найдите $x_1+x_2$."
9-A2-1-L1-g,9,1,fraction_of_number,136,$\d\frac{349}{350}$,Вычислите сумму $\d\frac{1}{1\cdot 2}+\d\frac{1}{2\cdot 3}+\dots+\d\frac{1}{349\cdot 350}.$
9-A2-2-L1-g,9,1,fraction_of_number,101,$\d\frac{97}{98}$,Найдите сумму $\sum_{k=1}^{98} \d\frac{1}{k(k+1)}$.
9-A2-3-L1-g,9,1,fraction_of_number,136,$\d\frac{209}{210}$,Вычислите сумму $\d\frac{1}{1\cdot 2}+\d\frac{1}{2\cdot 3}+\dots+\d\frac{1}{209\cdot 210}.$
9-A2-4-L1-g,9,1,fraction_of_number,104,$\d\frac{300}{301}$,Найдите сумму $\sum_{k=1}^{301} \d\frac{1}{k(k+1)}$.
9-A2-5-L2-g,9,2,fraction_of_number,136,$\d\frac{233}{234}$,Вычислите сумму $\d\frac{1}{1\cdot 2}+\d\frac{1}{2\cdot 3}+\dots+\d\frac{1}{233\cdot 234}.$
9-A2-6-L2-g,9,2,fraction_of_number,104,$\d\frac{312}{313}$,Найдите сумму $\sum_{k=1}^{313} \d\frac{1}{k(k+1)}$.
9-A2-7-L2-g,9,2,fraction_of_number,104,$\d\frac{252}{253}$,Найдите сумму $\sum_{k=1}^{253} \d\frac{1}{k(k+1)}$.
9-A1-1-L3-g2,9,3,quadratic_basic,124,$37$,"Корни уравнения $x^2-7x+6=0$ равны $x_1, x_2$. Найдите $x_1^2+x_2^2$."
9-A1-2-L3-g2,9,3,quadratic_basic,130,$85$,"Корни уравнения $x^2-13x+42=0$ равны $x_1, x_2$. Найдите $x_1^2+x_2^2$."
9-A2-2-L4-g,9,4,quadratic_basic,97,$40$,"Корни $x_1, x_2$ уравнения $x^2+4x-12=0$. Найдите $x_1^2+x_2^2$."
9-A2-6-L4-g,9,4,quadratic_basic,95,$98$,"Корни $x_1, x_2$ уравнения $x^20x-49=0$. Найдите $x_1^2+x_2^2$."
9-A2-7-L4-g,9,4,quadratic_basic,95,$45$,"Корни $x_1, x_2$ уравнения $x^2-3x-18=0$. Найдите $x_1^2+x_2^2$."
9-A1-1-L5-gf3,9,5,quadratic_basic,30,$10$,"Корни $x_1,x_2$ уравнения $x^2-10x+25=0$. Найдите $x_1+x_2$."
9-A1-1-L5-gtop2,9,5,quadratic_basic,129,$74$,"Корни уравнения $x^2-2x-35=0$ равны $x_1, x_2$. Найдите $x_1^2+x_2^2$."
9-A1-2-L5-gtop2,9,5,quadratic_basic,133,$68$,"Корни уравнения $x^2+6x-16=0$ равны $x_1, x_2$. Найдите $x_1^2+x_2^2$."
9-A1-3-L5-gtop2,9,5,quadratic_basic,126,$18$,"Корни уравнения $x^2+0x-9=0$ равны $x_1, x_2$. Найдите $x_1^2+x_2^2$."
9-A1-4-L5-gtop2,9,5,quadratic_basic,132,$25$,"Корни уравнения $x^2+1x-12=0$ равны $x_1, x_2$. Найдите $x_1^2+x_2^2$."
9-A2-10-L5-g,9,5,fraction_of_number,95,$\d\frac{15}{29}$,Найдите значение произведения $\prod_{k=2}^{29}\left(1-\d\frac{1}{k^2}\right)$.
9-A2-11-L5-g,9,5,fraction_of_number,93,$\d\frac{5}{9}$,Найдите значение произведения $\prod_{k=2}^{9}\left(1-\d\frac{1}{k^2}\right)$.
9-A2-12-L5-g,9,5,fraction_of_number,95,$\d\frac{17}{32}$,Найдите значение произведения $\prod_{k=2}^{16}\left(1-\d\frac{1}{k^2}\right)$.
9-A2-13-L5-g,9,5,fraction_of_number,95,$\d\frac{14}{27}$,Найдите значение произведения $\prod_{k=2}^{27}\left(1-\d\frac{1}{k^2}\right)$.
9-A2-14-L5-g,9,5,fraction_of_number,94,$\d\frac{9}{17}$,Найдите значение произведения $\prod_{k=2}^{17}\left(1-\d\frac{1}{k^2}\right)$.
9-A2-15-L5-g,9,5,fraction_of_number,94,$\d\frac{8}{15}$,Найдите значение произведения $\prod_{k=2}^{15}\left(1-\d\frac{1}{k^2}\right)$.
9-A2-16-L5-g,9,5,fraction_of_number,95,$\d\frac{23}{44}$,Найдите значение произведения $\prod_{k=2}^{22}\left(1-\d\frac{1}{k^2}\right)$.
9-A2-17-L5-g,9,5,fraction_of_number,95,$\d\frac{19}{36}$,Найдите значение произведения $\prod_{k=2}^{18}\left(1-\d\frac{1}{k^2}\right)$.
9-C5-2,9,6,quadratic_basic,3580,$10$,"Даны многочлены $P(x) = x^3 + 2x^2 - 3x + 4$ и $Q(x) = x^2 + kx + 1$. При каком наибольшем натуральном $k$ найдётся такой натуральный $n > 1$, что $P(n) = Q(n)$?"
9-C5-9,9,7,quadratic_basic,1806,"Доказано, что $P(4)\neq 2025$.","Пусть $P(x)=x^3+ax^2+bx+c$ — многочлен с целыми коэффициентами, причём $P(1)=2025$, $P(2)=2$, $P(3)=3$. Докажите, что $P(4)\neq 2025$."
9-D1b-2,9,7,quadratic_basic,1215,"Да, существует, например, $P_n(x)=x^2 - 4n^2 x + (4n^4 - 1)$ для натуральных $n$.","Дана бесконечная последовательность квадратных трехчленов $P_n(x)=x^2 + a_n x + b_n$ с целыми коэффициентами, где $a_n$ и $b_n$ таковы, что при любом натуральном $n$ трехчлен имеет два различных целых корня, и эти корни образуют арифметическую прогрессию. Докажите, что существует бесконечно много та"
9-H2-13,9,7,quadratic_basic,5241,$x_0=1+4\cos\left(\frac{1}{3}\arccos\left(-\frac{3}{8}\right)\right)$,"Функция $f(x)=x^3-3x^2-9x+5$ определена на отрезке $[-2;4]$. На этом отрезке существует единственная точка $x_0$ такая, что значение функции в этой точке равно сумме значений функции в точках, где её производная равна нулю. Найдите $x_0$."
9-H2-17,9,7,quadratic_basic,923,P(x) = (x-d)^3 + e,"Дан многочлен $P(x)=x^3+ax^2+bx+c$ с целыми коэффициентами. Известно, что уравнение $P'(x)=0$ имеет два различных вещественных корня $x_1$ и $x_2$, причём $P(x_1)=P(x_2)$. Докажите, что $P(x)$ имеет вид $(x-d)^3+e$ для некоторых целых $d$ и $e$."
9-A1-1-L8-gh4,9,8,quadratic_basic,1590,a = 1,"Найдите все значения параметра $a$, при которых уравнение $x^2 + (a-2)x + a^2 - 3a + 2 = 0$ имеет два различных корня, и при этом сумма квадратов корней равна $2$."
9-A1-1-L8-gh5,9,8,quadratic_basic,1298,"$a=b$, $a\neq 2$ или $a+b=-1$, $a\neq b$","Найдите все пары $(a,b)$ действительных чисел, для которых квадратные трехчлены $x^2+ax+b$ и $x^2+bx+a$ имеют общий корень, и этот корень является единственным общим корнем данных трехчленов."
9-A1-2-L8-gh5,9,8,quadratic_basic,731,$1067$,"Корни $x^2-11x+8=0$ равны $x_1,x_2$. Найдите $x_1^3+x_2^3$."
9-A1-3-L8-gh5,9,8,quadratic_basic,743,$a = 1$,"Найдите все значения параметра $a$, при которых квадратное уравнение $x^2 + (a-2)x + a^2 - 3 = 0$ имеет два различных действительных корня, и сумма квадратов этих корней равна $2$."
9-A1-4-L8-gh5,9,8,quadratic_basic,780,"$a \in (-\infty, -1) \cup (0, +\infty)$, но с дополнительным условием $a \neq 0$ и $a \neq -1$? Уточним: для двух различ","Найдите все значения параметра $a$, при которых квадратное уравнение $ax^2 + (a+1)x + a = 0$ имеет два различных действительных корня, и при этом один из них больше $1$, а другой меньше $1$."
9-A2-1-L1-g2,9,1,quadratic_basic,49,$a=5$,При каком значении параметра $a=5$ уравнение $5x^2=20$ имеет корень $x=2$?
9-A2-2-L1-g2,9,1,quadratic_basic,50,$a=5$,При каком значении параметра $a=5$ уравнение $5x^2=320$ имеет корень $x=8$?
9-A2-3-L1-g2,9,1,quadratic_basic,48,$a=4$,При каком значении параметра $a=4$ уравнение $4x^2=4$ имеет корень $x=1$?
9-A2-4-L1-g2,9,1,quadratic_basic,49,$a=3$,При каком значении параметра $a=3$ уравнение $3x^2=48$ имеет корень $x=4$?
9-A2-5-L1-g2,9,1,quadratic_basic,49,$a=2$,При каком значении параметра $a=2$ уравнение $2x^2=32$ имеет корень $x=4$?
9-A2-10-L2-g2,9,2,quadratic_basic,48,$a=3$,При каком значении параметра $a=3$ уравнение $3x^2=3$ имеет корень $x=1$?
9-A2-6-L2-g2,9,2,quadratic_basic,50,$a=6$,При каком значении параметра $a=6$ уравнение $6x^2=294$ имеет корень $x=7$?
9-A2-7-L2-g2,9,2,quadratic_basic,49,$a=6$,При каком значении параметра $a=6$ уравнение $6x^2=24$ имеет корень $x=2$?
9-A2-8-L2-g2,9,2,quadratic_basic,50,$a=6$,При каком значении параметра $a=6$ уравнение $6x^2=384$ имеет корень $x=8$?
9-A2-9-L2-g2,9,2,quadratic_basic,49,$a=2$,При каком значении параметра $a=2$ уравнение $2x^2=50$ имеет корень $x=5$?
9-A2-11-L3-g2,9,3,quadratic_basic,49,$a=3$,При каком значении параметра $a=3$ уравнение $3x^2=27$ имеет корень $x=3$?
9-A2-12-L3-g2,9,3,quadratic_basic,50,$a=5$,При каком значении параметра $a=5$ уравнение $5x^2=180$ имеет корень $x=6$?
9-A2-13-L3-g2,9,3,quadratic_basic,50,$a=3$,При каком значении параметра $a=3$ уравнение $3x^2=192$ имеет корень $x=8$?
9-A2-14-L3-g2,9,3,quadratic_basic,50,$a=5$,При каком значении параметра $a=5$ уравнение $5x^2=405$ имеет корень $x=9$?
9-A2-15-L3-g2,9,3,quadratic_basic,50,$a=5$,При каком значении параметра $a=5$ уравнение $5x^2=125$ имеет корень $x=5$?
9-A2-16-L4-g2,9,4,quadratic_basic,50,$a=4$,При каком значении параметра $a=4$ уравнение $4x^2=324$ имеет корень $x=9$?
9-A2-17-L4-g2,9,4,quadratic_basic,49,$a=2$,При каком значении параметра $a=2$ уравнение $2x^2=18$ имеет корень $x=3$?
9-A2-18-L4-g2,9,4,quadratic_basic,50,$a=2$,При каком значении параметра $a=2$ уравнение $2x^2=162$ имеет корень $x=9$?
9-A2-19-L4-g2,9,4,quadratic_basic,50,$a=3$,При каком значении параметра $a=3$ уравнение $3x^2=243$ имеет корень $x=9$?
9-A2-20-L4-g2,9,4,quadratic_basic,49,$a=3$,При каком значении параметра $a=3$ уравнение $3x^2=75$ имеет корень $x=5$?
9-A2-3-L5-g3,9,5,quadratic_basic,29,$a=3$,При каком $a$ уравнение $3x^2=75$ имеет корень $x=5$?
9-A2-4-L5-g3,9,5,quadratic_basic,29,$a=6$,При каком $a$ уравнение $6x^2=96$ имеет корень $x=4$?
9-A2-24,9,6,quadratic_basic,677,$a>4$,"Найдите все значения параметра $a$, при которых оба корня уравнения $x^2-(a+2)x+2a-3=0$ больше $1$."
9-D1b-10,9,6,fraction_of_number,2022,"Одна тройка: (3,4,5). Бесконечная серия: (3k, 4k, 5k) для любого натурального k.","Найдите хотя бы одну тройку попарно различных натуральных чисел $(a,b,c)$ такую, что числа $a$, $b$, $c$ являются длинами сторон некоторого треугольника, и число $\d\frac{b+c}{a}$ — целое. Докажите, что существует бесконечно много таких треугольников."
9-F13-19,9,6,quadratic_basic,695,$a=rac{9\pm 3\sqrt{73}}{16}$,"Найдите все действительные значения параметра $a$, при которых уравнение $x^2-2ax+a+2=0$ имеет два различных действительных корня, один из которых в два раза больше другого."
9-F4-20,9,6,quadratic_basic,896,$a>2$,"Найдите все значения параметра $a$, при которых оба корня уравнения $x^2-(2a+1)x+a^2=0$ больше $1$."
9-A2-1,9,7,quadratic_basic,620,$36$,"Сколько существует пар целых чисел $(m,n)$ таких, что уравнение $x^2-mx+n=0$ имеет два различных целых корня из множества $\{1,2,\dots,9\}$?"
9-A2-3,9,7,quadratic_basic,677,Нет таких $a$,"Докажите, что не существует такого действительного числа $a$, при котором оба уравнения $x^2-ax+3=0$ и $x^2-ax-3=0$ имеют по два целых корня."
9-A2-4,9,7,quadratic_basic,608,$a=2$,"Найдите все значения параметра $a$, при которых уравнение $x^2-(a+1)x+a-2=0$ имеет два различных целых корня."
9-A2-6,9,7,quadratic_basic,523,$a=-2$ или $a=0$,"Найдите все значения параметра $a$, при которых корни уравнения $x^2-(a+3)x+a+2=0$ отличаются на $1$."
9-F4a-5,9,7,quadratic_basic,646,$a=8-2\sqrt{13}$ или $a=8+2\sqrt{13}$,"Найдите все значения параметра $a$, при которых уравнение $x^2-2ax+a^2-4a+3=0$ имеет два корня, один из которых в $3$ раза больше другого."
9-F8-16,9,7,quadratic_basic,900,$1<a<\frac{7-\sqrt{13}}{2}$,"Найдите все значения параметра $a$, при которых оба корня уравнения $x^2-2ax+a^2-a=0$ принадлежат интервалу $(0,3)$."
9-F8-21,9,7,quadratic_basic,1016,$0<a<rac14$,"Найдите все значения параметра $a$, при которых уравнение $|x^2-5x+6|=a$ имеет ровно четыре различных действительных решения."
9-A2-3-L8-g911,9,8,quadratic_basic,2133,$a=-2\sqrt{2}$,"Найдите все значения параметра $a$, при которых уравнение $x^2+ax+1=0$ имеет два различных положительных корня, и при этом сумма квадратов этих корней минимальна."
9-A3-1-L1-g2,9,1,quadratic_basic,61,"$x_1=6, x_2=7$",Решите уравнение: $x^2-13x+42=0$.
9-A3-2-L1-g2,9,1,quadratic_basic,62,"$x_1=7, x_2=-3$",Решите уравнение: $x^2-4x-21=0$.
9-A3-3-L1-g2,9,1,quadratic_basic,61,"$x_1=9, x_2=4$",Решите уравнение: $x^2-13x+36=0$.
9-A3-4-L1-g2,9,1,quadratic_basic,60,"$x_1=2, x_2=5$",Решите уравнение: $x^2-7x+10=0$.
9-A3-5-L1-g2,9,1,quadratic_basic,63,"$x_1=3, x_2=-6$",Решите уравнение: $x^2+3x-18=0$.
9-A3-10-L2-g2,9,2,quadratic_basic,62,"$x_1=2, x_2=-3$",Решите уравнение: $x^2+1x-6=0$.
9-A3-6-L2-g2,9,2,quadratic_basic,59,"$x_1=5, x_2=1$",Решите уравнение: $x^2-6x+5=0$.
9-A3-7-L2-g2,9,2,quadratic_basic,61,"$x_1=4, x_2=8$",Решите уравнение: $x^2-12x+32=0$.
9-A3-8-L2-g2,9,2,quadratic_basic,62,"$x_1=6, x_2=-4$",Решите уравнение: $x^2-2x-24=0$.
9-A3-9-L2-g2,9,2,quadratic_basic,61,"$x_1=5, x_2=6$",Решите уравнение: $x^2-11x+30=0$.
9-A3-11-L3-g2,9,3,quadratic_basic,62,"$x_1=9, x_2=-7$",Решите уравнение: $x^2-2x-63=0$.
9-A3-12-L3-g2,9,3,quadratic_basic,63,"$x_1=7, x_2=-8$",Решите уравнение: $x^2+1x-56=0$.
9-A3-13-L3-g2,9,3,quadratic_basic,59,"$x_1=4, x_2=0$",Решите уравнение: $x^2-4x+0=0$.
9-A3-14-L3-g2,9,3,quadratic_basic,59,"$x_1=3, x_2=2$",Решите уравнение: $x^2-5x+6=0$.
9-A3-15-L3-g2,9,3,quadratic_basic,63,"$x_1=3, x_2=-5$",Решите уравнение: $x^2+2x-15=0$.
9-A3-16-L4-g2,9,4,quadratic_basic,62,"$x_1=9, x_2=-6$",Решите уравнение: $x^2-3x-54=0$.
9-A3-18-L4-g2,9,4,quadratic_basic,63,"$x_1=3, x_2=-4$",Решите уравнение: $x^2+1x-12=0$.
9-A3-19-L4-g2,9,4,quadratic_basic,61,"$x_1=5, x_2=8$",Решите уравнение: $x^2-13x+40=0$.
9-A3-20-L4-g2,9,4,quadratic_basic,62,"$x_1=7, x_2=-7$",Решите уравнение: $x^2+0x-49=0$.
9-A3-21-L5-g2,9,5,quadratic_basic,61,$29$,Корни квадратного уравнения $x^2+bx+c=0$ равны $7$ и $6$. Найдите $b+c$.
9-A3-22-L5-g2,9,5,quadratic_basic,36,$2$,Найдите произведение корней уравнения $x^2-(3)x+2=0$.
9-A3-23-L5-g2,9,5,quadratic_basic,56,$-13$,Один из корней уравнения $x^2+9x-52=0$ равен $4$. Найдите второй корень.
9-A3-24-L5-g2,9,5,quadratic_basic,42,$2$,При каком $k$ число $2$ является корнем уравнения $x^2+kx-8=0$?
9-G6-14-g,9,5,fraction_of_number,165,Верно; равенство при $a=b=c$,"Докажите для $a,b,c>0$: $\d\frac{a}{b+c}+\d\frac{b}{c+a}+\d\frac{c}{a+b}\ge\d\frac{3}{2}$."
9-C5-7,9,6,quadratic_basic,846,"Доказано, что $P(m)\neq 2026$ ни для какого целого $m$.","Дан многочлен $P(x)=x^5+ax^4+bx^3+cx^2+dx+e$ с целыми коэффициентами. Известно, что существуют такие пять различных целых чисел $t_1,t_2,t_3,t_4,t_5$, что $P(t_i)=2025$ для всех $i=1,\l\dots,5$. Докажите, что не существует целого числа $m$ такого, что $P(m)=2026$."
9-C5-6,9,7,quadratic_basic,1008,"Доказано, что $P(x) = (x^2+1)Q(x)$ с целыми коэффициентами.","Дан многочлен $P(x) = x^4 + ax^3 + bx^2 + cx + d$ с целыми коэффициентами. Известно, что для любого целого $n$ значение $P(n)$ делится на $n^2+1$. Докажите, что $P(x) = (x^2+1)Q(x)$, где $Q(x)$ – многочлен с целыми коэффициентами."
9-B1-9,9,7,quadratic_basic,696,$x=3\pm\sqrt3$,Решите уравнение $|x^2-5x+6|=x.$
9-B1-1-L8-gh3,9,8,quadratic_basic,1232,6,Решите систему уравнений: $\begin{cases} x^2 + y^2 + xy = 7 \\ x^4 + y^4 + x^2 y^2 = 21 \end{cases}$. В ответе укажите сумму всех различных значений $x + y$.
9-B1-2-L8-gh3,9,8,quadratic_basic,2157,"$(2;0), (0;2), (-2;0), (0;-2), (1;1), (-1;1), (1;-1), (-1;-1)$","Решите систему уравнений: $\begin{cases} x^2 + y^2 = 4, \\ |x| + |y| = 2. \end{cases}$"
9-B1-3-L8-gh3,9,8,quadratic_basic,1009,"$(x,y) = (\sqrt{3}, 1), (-\sqrt{3}, -1), (1, \sqrt{3}), (-1, -\sqrt{3})$",Решите систему уравнений: $\begin{cases} x^2 + y^2 + xy = 7 \\ x^4 + y^4 + x^2y^2 = 21 \end{cases}$.
9-B2-2-L6-g911,9,6,fraction_of_number,27,$60$,От числа $182$ взяли его $\d\frac{1}{3}$. Какое число получили?
9-B2-3-L6-g911,9,6,fraction_of_number,27,$69$,От числа $279$ взяли его $\d\frac{1}{4}$. Какое число получили?
9-B2-5-L8-g911,9,8,quadratic_basic,722,5,Решите уравнение в действительных числах: $|x-1|+|x-2|+\cdots+|x-10|=x^2-10x+50$.
9-B3-1-L4-g2,9,4,quadratic_basic,61,"$x_1=3, x_2=7$",Решите уравнение: $x^2-10x+21=0$.
9-B3-2-L4-g2,9,4,quadratic_basic,62,"$x_1=4, x_2=-3$",Решите уравнение: $x^2-1x-12=0$.
9-G6-10-g,9,4,fraction_of_number,66,$24$,Для $x>0$ найдите наименьшее значение $x+\d\frac{144}{x}$.
9-G6-9-g,9,4,fraction_of_number,66,$36$,Для $x>0$ найдите наименьшее значение $x+\d\frac{324}{x}$.
9-B3-3-L5-g2,9,5,quadratic_basic,43,$2$,При каком $k$ число $3$ является корнем уравнения $x^2+kx-16=0$?
9-B3-4-L5-g2,9,5,quadratic_basic,44,$-9$,При каком $k$ число $5$ является корнем уравнения $x^2+kx+20=0$?
9-B3-5-L5-g2,9,5,quadratic_basic,52,$3$,Один из корней уравнения $x^2-9x+18=0$ равен $6$. Найдите второй корень.
9-B3-6-L5-g2,9,5,quadratic_basic,58,$-17$,Один из корней уравнения $x^2+10x-119=0$ равен $7$. Найдите второй корень.
9-B3-7-L5-g2,9,5,quadratic_basic,37,$20$,Найдите произведение корней уравнения $x^2-(9)x+20=0$.
9-B3-2-L6-gh3,9,6,fraction_of_number,28,$125$,От числа $251$ взяли его $\d\frac{1}{2}$. Какое число получили?
9-C5-19,9,7,quadratic_basic,1335,"Доказано, что $Q(x)$ делит $P(x)$ нацело.","Даны многочлены $P(x) = x^3 + ax^2 + bx + c$ и $Q(x) = x^2 + px + q$ с целыми коэффициентами. Известно, что для любого целого числа $n$ число $P(n)$ делится на $Q(n)$. Докажите, что $Q(x)$ делит $P(x)$ как многочлен над целыми числами (т.е. существует многочлен с целыми коэффициентами $R(x)$ такой, "
9-B3-1-L8-g911,9,8,quadratic_basic,1175,$5$,"Пусть $f(x) = ax^2 + bx + 2 $, $a < 0 $ и $f(8) = 0 $. Какое наибольшее количество целочисленных решений может иметь неравенство $ax^4 + bx^2 + 2 > 0 $?"
9-C1-23,9,6,quadratic_basic,1740,"Все целые числа вида $(n, n, n)$, $(n, n, 1-n)$ и $(n, n, -1-n)$ с точностью до перестановки, $n \in \mathbb{Z}$.","Найдите все тройки целых чисел $(x, y, z)$, для которых выполнено равенство:
$(x^2 - y^2)^2 + (y^2 - z^2)^2 + (z^2 - x^2)^2 = (x - y)^2 + (y - z)^2 + (z - x)^2.$"
9-C1-8,9,6,quadratic_basic,1312,$24$,"Найдите наименьшее натуральное число $n$, для которого уравнение $x^2 + y^2 = n^2 + 2025$ имеет хотя бы одно решение в целых числах $(x, y)$."
9-H2-7,9,6,quadratic_basic,1003,4049 + 2024·2023·2022·2021,"Дан многочлен ${P(x)=x^4+ax^3+bx^2+cx+d}$ с действительными коэффициентами, причём $P(1)=2025$, $P(2)=2026$, $P(3)=2027$, $P(4)=2028$. Найдите значение $P(2025)$."
9-C1-1,9,7,quadratic_basic,2062,Нет целых значений a.,"Найдите все целые значения $a$, для которых существует многочлен $P(x)$ с целыми коэффициентами степени $3$ такой, что $P(x)^2 - P(x^2) = ax^4 + x^2 + a$ для всех действительных $x$."
9-C1-19,9,7,quadratic_basic,1204,"$P(1)=2^n-1$, где $n$ — неотрицательное целое число.","Пусть $P(x)$ — многочлен с целыми коэффициентами, такой что $P(x^2 + 2x) = P(x)^2 + 2P(x)$ для всех действительных $x$. Известно, что $P(0) = 0$. Найдите все возможные значения $P(1)$."
9-C5-11,9,7,quadratic_basic,2260,$120$,"Дана последовательность многочленов: $P_1(x) = x^2 + x + 1, \quad P_2(x) = x^2 + 2x + 3, \quad P_3(x) = x^2 + 3x + 5, \quad P_4(x) = x^2 + 4x + 7, \l\dots$ В общем виде $P_n(x) = x^2 + n x + (2n-1)$ для натурального $n$. Пусть $S_n$ — множество всех целых чисел $m$, для которых существует $x \in \ma"
9-C5-24,9,7,quadratic_basic,2139,P(x)=0 и P(x)=1,"Найдите все многочлены $P(x)$ с действительными коэффициентами такие, что для любого действительного $x$ выполнено равенство $P(x^2) = P(x) \cdot P(-x).$"
9-C1-22,9,8,quadratic_basic,15527,"$k \in \left(\frac{4273528}{707281}, +\infty\right)$","Найдите все целые значения $k$, при которых уравнение $(x^2 - 5x + 4)^2 + (x^2 - 5x + 4)(2x^2 - 3x - 1) + (2x^2 - 3x - 1)^2 = k$ имеет ровно два различных действительных корня."
9-H2-11,9,6,quadratic_basic,877,Нет таких значений $a$,"Дана функция $f(x) = \frac{x^3 - 6x^2 + 11x - 6}{x^2 - 5x + 6}$. Найдите все значения параметра $a$, при которых уравнение $f(x) = a$ имеет ровно два различных действительных корня, и определите, при каких $a$ один из корней является точкой перегиба функции $f(x)$."
9-H2-15,9,6,quadratic_basic,566,$2$,Функция задана формулой $f(x)=x^4-4x^3+6x^2-4x+1+\frac{1}{x^4-4x^3+6x^2-4x+1}.$ Найдите наименьшее значение функции на множестве $x\in\mathbb{R}\setminus\{1\}.$
9-H2-18,9,6,quadratic_basic,723,$0$,Пусть $f(x)=x^4-4x^3+6x^2-4x+1$. Рассмотрим функцию $g(x)=f(x)+f\left(\frac{1}{x}\right)$ при $x>0$. Найдите наименьшее значение функции $g(x)$.
9-H2-21,9,6,quadratic_basic,414,"Два решения, смена знака в точке 0","Исследуйте производную функцию $f(x)=x^3-3x^2+2,$ найдите количество решений уравнения $f'(x)=0$ и определите, в какой точке производная меняет знак с плюса на минус."
9-H2-23,9,6,quadratic_basic,1041,$2$,"Функция $f(x) = ax^3 + bx^2 + cx + d$ такова, что для любого натурального $n$ выполняется $f(n) \in \mathbb{Z}$. Кроме того, известно, что $f'(0) = f'(1) = 0$ и $f(0) = 0$. Найдите наименьшее возможное значение $|a|$, если $a \neq 0$."
9-H2-3,9,6,quadratic_basic,641,"Все целые числа, кроме 2 и 3.","Дана функция $f(x) = \frac{x^3 - 6x^2 + 11x - 6}{x^2 - 5x + 6}$ (при x ≠ 2, 3). Найдите все целые значения x, при которых f(x) является целым числом."
9-H2-4,9,6,quadratic_basic,995,1 точка: $c = 1 + \frac{2\sqrt{3}}{3}$,"Функция $f(x) = x^3 - 3x^2 + 2x + 1$ определена на отрезке $[-1; 3]$. Внутри этого отрезка (не на концах) существует точка $c$, в которой касательная к графику $f$ параллельна хорде, соединяющей точки $(-1; f(-1))$ и $(3; f(3))$. Найдите все такие $c$ и определите, сколько из них удовлетворяют услов"
9-H2-5,9,6,quadratic_basic,1104,"1, 2024",Исследуйте функцию $f(x) = x^4 - 4x^3 + 6x^2 - 4x + 2025$ на экстремумы. В ответе укажите количество точек минимума и значение функции в точке минимума (точках минимума).
9-H2-6,9,6,quadratic_basic,1368,$2022$,"Исследуйте функцию $f(x)=x^3-3x^2+3x+\frac{1}{x}+\frac{1}{x^2}+\frac{1}{x^3}$ на монотонность и экстремумы на промежутке $(0;+\infty)$. Найдите количество целых значений параметра $a$, при которых уравнение $f(x)=a$ имеет хотя бы одно решение на указанном промежутке."
9-H2-1,9,7,quadratic_basic,1313,$0$,"Функция $f(x) = x^3 - 3x^2 + 2$ определена на отрезке $[-1; 3]$. Найдите сумму всех различных значений $a$, при которых уравнение $f(x) = a$ имеет ровно два различных корня на этом отрезке."
9-H2-14,9,7,quadratic_basic,1400,"Четыре возможных значения: $12-4\sqrt{39}$, $12+4\sqrt{39}$, $8-4\sqrt{33}$, $8+4\sqrt{33}$.","Дана функция $f(x)=x^3+ax^2+bx+2$, где $a$ и $b$ — действительные числа. Известно, что функция убывает на интервале $(p; q)$ длины 4 и возрастает на $(-\infty;p)$ и $(q;+\infty)$. Найдите все значения параметров $a$ и $b$, при которых касательная к графику функции в точке с абсциссой $x=0$ отсекает "
9-H2-16,9,7,quadratic_basic,1466,бесконечно много (все $a>3$),"Дана функция $f(x)=x^4-4x^3+12x^2-16x+8$. Найдите количество значений параметра $a$, при которых уравнение $f(x) = a$ имеет ровно два различных действительных корня."
9-H2-19,9,7,quadratic_basic,6167,"Не существует таких значений параметров a и b, при которых функция f(x) имеет в точке x=1 локальный минимум, равный 2, и","Функция $f(x)=\frac{ax^2+bx+1}{x^2+1}$ имеет в точке $x=1$ локальный минимум, равный $2$. Найдите все возможные значения параметров $a$ и $b$, при которых функция $f(x)$ имеет ровно две критические точки на всей числовой прямой."
9-H2-20,9,7,quadratic_basic,1962,$a = \frac{3}{2^{2/3}}$,"Дана функция $f(x) = x^4 - 4x^3 + 6x^2 - 4x + 1 + \frac{1}{(x-1)^2}$, где $x \neq 1$. Найдите все значения параметра $a$, при которых уравнение $f(x) = a$ имеет ровно два различных действительных корня."
9-H2-22,9,7,quadratic_basic,3595,"$a \in \mathbb{Z}, a \leq -2$ или $a \geq 8$","Дана функция $f(x) = \frac{2x^3 - 3x^2 - 12x + 5}{x^2 - 2x - 3}.$ Найдите все целые значения параметра $a$, при которых уравнение $f(x) = a$ имеет ровно два различных решения на отрезке $[-2; 4]$, и при этом среди этих решений нет точек разрыва функции."
9-H2-10,9,8,quadratic_basic,789,Таких коэффициентов не существует.,"Дана функция $f(x)=rac{ax^3+bx^2+cx+d}{x^2+1}$, где коэффициенты $a,b,c,d$ — целые числа, причём $a>0$. Известно, что график функции имеет ровно две горизонтальные асимптоты (различные) и ровно одну наклонную асимптоту (не горизонтальную). Кроме того, функция $f'(x)$ имеет ровно три различных дейст"
9-H2-2,9,8,quadratic_basic,3790,"a=3, b=-1, x_1=x_2=1","Дана функция $f(x)=x^3-3x^2+ax+b$, где $a$ и $b$ — действительные числа. Известно, что касательная к графику $f$ в точке $x_0=1$ пересекает график $f$ ещё в двух точках с абсциссами $x_1$ и $x_2$, причём $x_1$ и $x_2$ — корни уравнения $f(x)=0$. Найдите все значения $a$ и $b$, при которых это возмож"
9-H2-24,9,8,quadratic_basic,3530,таких a не существует,"Дана функция $f(x)=x^3-3x^2+1$. Найдите все значения параметра $a$, при которых уравнение $f(f(x))=a$ имеет ровно 9 различных действительных корней."
9-E1-4,9,6,gcd_lcm_basic,4220,$6$,"На уроке физкультуры 25 учеников встали в круг. Каждый из них назвал натуральное число $a_i$ (возможно, совпадающее с другими). Известно, что для любых двух соседей $i$ и $i+1$ (по часовой стрелке) выполняется условие: наибольший общий делитель $\text{НОД}(a_i, a_{i+1})$ равен 1, а для любых трёх по"
9-D1b-15,9,7,quadratic_basic,920,"Все такие числа имеют вид $k_n=n^2-nm+m^2-2$, где $m\in\mathbb Z$, $m
e n/2$, и дополнительно $k_n\ge1$.","Дана бесконечная последовательность квадратных трёхчленов: $P_n(x)=x^2+(n+2)x+(n^2+n-1),$ где $n$ — натуральное число. Докажите, что для каждого $n$ найдётся такое целое число $k_n\ge 1$, что уравнение $P_n(x)=k_n$ имеет ровно два различных целых корня. Найдите все такие $k_n$ в зависимости от $n$."
9-C5-1,9,8,quadratic_basic,1299,Многочлен $P(x)=x^2+ax+b$ имеет целый корень.,"Дан многочлен $P(x)=x^2+ax+b$ с целыми коэффициентами. Известно, что для любого простого числа $p$ найдётся такое целое число $m$, что $P(m)$ делится на $p$. Докажите, что многочлен $P(x)$ имеет целый корень."
9-E2-3-L7-g911,9,7,quadratic_basic,808,"$(1,4)$, $(4,1)$, $(2,3)$, $(3,2)$, $(0,-1)$, $(-1,0)$, $(2,0)$, $(0,2)$","Найдите все целые числа $x$ и $y$, удовлетворяющие уравнению $x^2 + y^2 = 3(x + y) + 2$."
9-E2-4-L7-g911,9,7,quadratic_basic,704,"$(x,y,z)=(1,1,1)$","Найдите все тройки натуральных чисел $(x, y, z)$ такие, что $x^2 + 2y^2 = 3z^2$ и $x$, $y$, $z$ попарно взаимно просты."
9-D1b-13,9,7,quadratic_basic,1433,Не существует,"Существует ли такая бесконечная последовательность натуральных чисел $a_1, a_2, a_3, \dots$, что для любого $n \geq 1$ многочлен $P_n(x) = x^4 + a_n x^3 + a_n x^2 + a_n x + 1$ является квадратом некоторого многочлена с целыми коэффициентами? Если да, приведите пример такой последовательности и докаж"
9-E1-1-L3-g,9,3,handshake,55,$21$,На встрече $7$ человек обменялись рукопожатиями (каждый с каждым). Сколько всего рукопожатий?
9-E1-2-L3-g,9,3,handshake,55,$28$,На встрече $8$ человек обменялись рукопожатиями (каждый с каждым). Сколько всего рукопожатий?
9-E1-3-L3-g,9,3,handshake,55,$15$,На встрече $6$ человек обменялись рукопожатиями (каждый с каждым). Сколько всего рукопожатий?
9-E1-4-L4-g,9,4,handshake,55,$36$,На встрече $9$ человек обменялись рукопожатиями (каждый с каждым). Сколько всего рукопожатий?
9-F11-17,9,8,domino_tiling,1153,$36$,"Дан квадратный лист бумаги 10×10. Таня хочет разрезать его на несколько фигур, каждая из которых является либо квадратом 1×1, либо прямоугольником 2×1 (доминошкой). Какое наибольшее количество доминошек может быть в таком разрезании, если известно, что никакие два прямоугольника не примыкают друг к "
9-C4-3-g,9,1,gcd_lcm_basic,213,$1$,Найдите наибольший общий делитель чисел $902$ и $807$.
9-C4-4-g,9,1,gcd_lcm_basic,74,$1326$,Найдите наименьшее общее кратное чисел $39$ и $34$.
9-C4-5-g,9,1,gcd_lcm_basic,73,$696$,Найдите наименьшее общее кратное чисел $24$ и $29$.
9-C4-6-g,9,1,gcd_lcm_basic,74,$1845$,Найдите наименьшее общее кратное чисел $45$ и $41$.
9-C4-7-g,9,1,gcd_lcm_basic,368,$1$,Найдите наибольший общий делитель чисел $574$ и $999$.
9-C4-10-g,9,2,gcd_lcm_basic,313,$1$,Найдите наибольший общий делитель чисел $916$ и $515$.
9-C4-11-g,9,2,gcd_lcm_basic,290,$2$,Найдите наибольший общий делитель чисел $746$ и $264$.
9-C4-12-g,9,2,gcd_lcm_basic,231,$1$,Найдите наибольший общий делитель чисел $347$ и $100$.
9-C4-13-g,9,2,gcd_lcm_basic,71,$88$,Найдите наименьшее общее кратное чисел $22$ и $8$.
9-C4-14-g,9,2,gcd_lcm_basic,265,$1$,Найдите наибольший общий делитель чисел $367$ и $484$.
9-C4-15-g,9,2,gcd_lcm_basic,230,$1$,Найдите наибольший общий делитель чисел $92$ и $373$.
9-C4-16-g,9,2,gcd_lcm_basic,337,$2$,Найдите наибольший общий делитель чисел $554$ и $434$.
9-C4-17-g,9,2,gcd_lcm_basic,72,$294$,Найдите наименьшее общее кратное чисел $49$ и $6$.
9-C4-18-g,9,2,gcd_lcm_basic,209,$1$,Найдите наибольший общий делитель чисел $947$ и $104$.
9-C4-19-g,9,2,gcd_lcm_basic,73,$273$,Найдите наименьшее общее кратное чисел $21$ и $39$.
9-C4-8-g,9,2,gcd_lcm_basic,73,$464$,Найдите наименьшее общее кратное чисел $16$ и $29$.
9-C4-9-g,9,2,gcd_lcm_basic,72,$441$,Найдите наименьшее общее кратное чисел $9$ и $49$.
9-C4-1-g,9,4,gcd_lcm_basic,60,$63$,Найдите наименьшее общее кратное чисел $9$ и $7$.
9-C4-2-g,9,4,gcd_lcm_basic,61,$24$,Найдите наименьшее общее кратное чисел $8$ и $12$.
9-E14-12,9,7,gcd_lcm_basic,8760,$45$,Натуральные числа от 1 до 2025 выписаны в строку в некотором порядке. Для каждой пары соседних чисел посчитали наибольший общий делитель. Какое минимальное возможное количество различных значений среди всех этих НОД?
9-H2-25,9,7,quadratic_basic,572,"$P(2017)=8181353378$; простые среди $P(4),\l\dots,P(10)$ — только $11$ и $67$.","Дан многочлен $P(x)=x^3+ax^2+bx+c$ с целыми коэффициентами, причём $P(1)=2$, $P(2)=3$, $P(3)=4$. Докажите, что среди чисел $P(4), P(5), \l\dots, P(10)$ ровно два являются простыми, и найдите $P(2017)$."
9-G1-1-L1-g3,9,1,domino_tiling,43,$15$,Прямоугольник $5\times6$ разрезали на доминошки. Какое минимальное число доминошек?
9-G1-2-L1-g3,9,1,domino_tiling,30,Нельзя,Можно ли прямоугольник $5\times3$ разрезать на доминошки?
9-G1-3-L1-g3,9,1,domino_tiling,29,Нельзя,Можно ли прямоугольник $3\times3$ разрезать на доминошки?
9-G1-4-L1-g3,9,1,domino_tiling,43,$12$,Прямоугольник $6\times4$ разрезали на доминошки. Какое минимальное число доминошек?
9-G1-5-L1-g3,9,1,domino_tiling,43,$15$,Прямоугольник $6\times5$ разрезали на доминошки. Какое минимальное число доминошек?
9-G1-2-L2-g4,9,2,domino_tiling,54,Нельзя,Можно ли доску $69\times69$ покрыть доминошками $1\times2$ без наложений и разрывов?
9-G1-4-L2-g4,9,2,domino_tiling,42,$2211$,Прямоугольник $66\times67$ разрезали на доминошки. Сколько доминошек получилось?
9-G1-5-L2-g4,9,2,domino_tiling,59,Нельзя,Можно ли доску $70\times70$ с одной вырезанной угловой клеткой покрыть доминошками?
9-G1-2-L3-g4,9,3,domino_tiling,54,Нельзя,Можно ли доску $71\times71$ покрыть доминошками $1\times2$ без наложений и разрывов?
9-G1-4-L3-g4,9,3,domino_tiling,59,Нельзя,Можно ли доску $72\times72$ с одной вырезанной угловой клеткой покрыть доминошками?
9-G1-5-L3-g4,9,3,domino_tiling,42,$2415$,Прямоугольник $69\times70$ разрезали на доминошки. Сколько доминошек получилось?
9-G1-1-L4-g4,9,4,domino_tiling,42,$2628$,Прямоугольник $72\times73$ разрезали на доминошки. Сколько доминошек получилось?
9-G1-2-L4-g4,9,4,domino_tiling,54,Нельзя,Можно ли доску $75\times75$ покрыть доминошками $1\times2$ без наложений и разрывов?
9-G1-3-L4-g4,9,4,domino_tiling,59,Нельзя,Можно ли доску $76\times76$ с одной вырезанной угловой клеткой покрыть доминошками?
9-G1-1-L5-g4,9,5,domino_tiling,59,Нельзя,Можно ли доску $78\times78$ с одной вырезанной угловой клеткой покрыть доминошками?
9-G1-3-L5-g4,9,5,domino_tiling,42,$2850$,Прямоугольник $75\times76$ разрезали на доминошки. Сколько доминошек получилось?
9-G1-5-L5-g4,9,5,domino_tiling,54,Нельзя,Можно ли доску $77\times77$ покрыть доминошками $1\times2$ без наложений и разрывов?
9-G3-5-L6-gstub,9,6,chocolate_game_1xn,14,второй,Двое ломают шоколадку $25\times1$. Выигрывает последний разлом. Кто?
10-F2-12,10,3,fraction_of_number,126,"$PD=12, CD=16$; $\triangle APC\sim\triangle DPB$, $\d\frac{AC}{DB}=\dfrac12$","Две хорды $AB$ и $CD$ окружности пересекаются в точке $P$ внутри окружности. Известно, что $AP=6$, $PB=8$, а $PC=4$.

а) Найдите $PD$ и длину хорды $CD$.

б) Докажите, что треугольники $APC$ и $DPB$ подобны, и найдите отношение $\d\frac{AC}{DB}$, если дополнительно известно, что $AC=5$."
10-F2-17,10,4,fraction_of_number,118,Доказано: $\angle PTA=\angle PBT$ и $\d\frac{TA}{TB}=\sqrt{\d\frac{PA}{PB}}$,"Из внешней точки $P$ к окружности проведена касательная $PT$ ($T$ — точка касания) и секущая, пересекающая окружность в точках $A$ и $B$ ($A$ между $P$ и $B$).

Докажите, что $PT$ — касательная тогда и только тогда, когда $\angle PTA=\angle PBT$, и что в этом случае $\d\frac{TA}{TB}=\sqrt{\d\frac{PA"
10-A1-4-L8-gh3,10,8,quadratic_basic,1146,"($\pm$ 3/5, $\pm$ 1/5)","Решите систему: $x^2 $+$y^2 $− xy − 81 $\leq$ 18, 360 + 40x − 400 $y^2 $+ 81 $x^4 $− 18 $x^2y^2 $+$y^4 $ = 0."
10-A2-24-L5-g2,10,5,quadratic_basic,724,да,"2. Числа d и e — корни квадратного трёхчлена a $x^2 $ +bx+c. Могло ли так получиться, что a,
b, c, d, e — это подряд идущие целые числа в некотором порядке?"
10-A3-2-L7-gh3,10,7,quadratic_basic,1583,$x \in [3; +\infty)$,Решите неравенство: $\log_{2}(x^2-3x+2) \leq \log_{2}(x-1) + 1$.
10-A3-2-L8-gtop2,10,8,quadratic_basic,4004,$\pm\sqrt{3}$,Решите уравнение $\log_{2}(x^2+1) + \log_{3}(x^2+1) = \log_{2}(x^2+1) \cdot \log_{3}(x^2+1)$.
10-B1-3-L6-g911,10,6,fraction_of_number,84,$80$ руб.,"У Васи было $240$ рублей. Сначала он потратил $\d\frac{1}{2}$ всех денег, а затем $\d\frac{1}{3}$ остатка. Сколько рублей осталось?"
10-A2-1-L4-g,10,4,quadratic_basic,95,$25$,"Корни $x_1, x_2$ уравнения $x^2-1x-12=0$. Найдите $x_1^2+x_2^2$."
10-A2-2-L4-g,10,4,quadratic_basic,97,$68$,"Корни $x_1, x_2$ уравнения $x^2+6x-16=0$. Найдите $x_1^2+x_2^2$."
10-A2-3-L4-g,10,4,quadratic_basic,95,$32$,"Корни $x_1, x_2$ уравнения $x^20x-16=0$. Найдите $x_1^2+x_2^2$."
10-A2-4-L4-g,10,4,quadratic_basic,95,$74$,"Корни $x_1, x_2$ уравнения $x^2-12x+35=0$. Найдите $x_1^2+x_2^2$."
10-A2-5-L4-g,10,4,quadratic_basic,95,$58$,"Корни $x_1, x_2$ уравнения $x^2-10x+21=0$. Найдите $x_1^2+x_2^2$."
10-B2-1-L6-g911,10,6,fraction_of_number,128,$18$ руб.,"У Васи было $72$ рублей. Сначала он потратил $\d\frac{2}{8}$ всех денег, а затем $\d\frac{2}{3}$ остатка. Сколько рублей осталось?"
10-B2-2-L6-g911,10,6,fraction_of_number,128,$89$ руб.,"У Васи было $267$ рублей. Сначала он потратил $\d\frac{2}{4}$ всех денег, а затем $\d\frac{2}{6}$ остатка. Сколько рублей осталось?"
10-C5a-23,10,6,quadratic_basic,3968,нет таких k,"Даны числа $a, b, c$ — корни многочлена $x^3 - kx^2 + 5x - 1 = 0$, причём $k$ — натуральное число. Известно, что $a, b, c$ — целые числа. Найдите все возможные значения $k$ и соответствующие тройки $(a, b, c)$."
10-B3-3-L2-gtop2,10,2,fraction_of_number,48,$1$,Вычислите значение выражения $\d\frac{4}{6}+\d\frac{2}{6}$.
10-C1-14,10,3,fraction_of_number,39,$3$,"Ненулевые действительные числа $x,y,z$ удовлетворяют условию $x+y+z=0$. Найдите все возможные значения выражения $\d\frac{x^3+y^3+z^3}{xyz}$."
10-A2-10-L5-g,10,5,fraction_of_number,95,$\d\frac{15}{28}$,Найдите значение произведения $\prod_{k=2}^{14}\left(1-\d\frac{1}{k^2}\right)$.
10-A2-11-L5-g,10,5,fraction_of_number,95,$\d\frac{21}{40}$,Найдите значение произведения $\prod_{k=2}^{20}\left(1-\d\frac{1}{k^2}\right)$.
10-A2-12-L5-g,10,5,fraction_of_number,95,$\d\frac{13}{25}$,Найдите значение произведения $\prod_{k=2}^{25}\left(1-\d\frac{1}{k^2}\right)$.
10-A2-13-L5-g,10,5,fraction_of_number,94,$\d\frac{7}{12}$,Найдите значение произведения $\prod_{k=2}^{6}\left(1-\d\frac{1}{k^2}\right)$.
10-A2-14-L5-g,10,5,fraction_of_number,93,$\d\frac{4}{7}$,Найдите значение произведения $\prod_{k=2}^{7}\left(1-\d\frac{1}{k^2}\right)$.
10-B3-1-L6-gh3,10,6,fraction_of_number,83,$90$ руб.,"У Васи было $240$ рублей. Сначала он потратил $\d\frac{1}{4}$ всех денег, а затем $\d\frac{1}{2}$ остатка. Сколько рублей осталось?"
10-B3-2-L6-g911,10,6,fraction_of_number,80,$20$ руб.,"У Васи было $60$ рублей. Сначала он потратил $\d\frac{1}{3}$ всех денег, а затем $\d\frac{1}{2}$ остатка. Сколько рублей осталось?"
10-C6-22,10,6,quadratic_basic,641,$2$,"Пусть $P(x) = x^3 + ax^2 + bx + c$, где $a, b, c \in \mathbb{Z}$. Известно, что $P(1) = 1$, $P(2) = 2$, $P(3) = 3$, а $P(4) = 0$. Найдите все возможные значения $P(5)$."
10-C5a-21,10,7,quadratic_basic,6729,"p = r = -3, q = s = 0 (или p = r = 3, q = s = 0, но тогда a+b=3, не подходит по сумме корней -6; проверка: при p=3,q=0, ","Даны два квадратных трехчлена с целыми коэффициентами: $P(x)=x^2+px+q$ и $Q(x)=x^2+rx+s$. Известно, что уравнения $P(x)=0$ и $Q(x)=0$ имеют ровно два общих корня (возможно, комплексных), причем эти корни различны. Кроме того, у многочлена $P(Q(x))$ дискриминант равен $(p^2-4q)^2$. Найдите все возмож"
10-C1-1-L6-gh3,10,6,quadratic_basic,642,$a = \pm 2$,"Найдите все значения параметра $a$, при которых система неравенств $\begin{cases} x^2 + y^2 \leq 4 \\ y \geq |x - a| \end{cases}$ имеет единственное решение."
10-C1-21,10,6,quadratic_basic,1466,"$(x, y, z) \in \mathbb{Z}^3$, где $x = y + z$, или $y = x + z$, или $z = x + y$, или $x + y + z = 0$.","Найдите все тройки целых чисел $(x, y, z)$, удовлетворяющие уравнению $(x^2 + y^2 + z^2)^2 = 4(x^2 y^2 + y^2 z^2 + z^2 x^2).$"
10-C1-23,10,6,quadratic_basic,729,$x+y+z=1$,"Найдите все тройки действительных чисел $(x, y, z)$, для которых выполнено равенство:
$x^2 + y^2 + z^2 + 2xy + 2yz + 2zx = 2(x+y+z) - 1.$"
10-C5a-25,10,6,quadratic_basic,991,Таких значений $a$ и $b$ не существует.,"Пусть $x_1, x_2, x_3$ — корни многочлена $P(x) = x^3 - 6x^2 + ax + b$, причём $x_1$, $x_2$, $x_3$ — целые числа. Известно, что $\frac{1}{x_1} + \frac{1}{x_2} + \frac{1}{x_3} = \frac{1}{2}$ и $x_1^2 + x_2^2 + x_3^2 = 22$. Найдите все возможные значения параметров $a$ и $b$."
10-C1-2-L7-gh3,10,7,quadratic_basic,428,$a \in (-\sqrt{2}; \sqrt{2})$,"При каких значениях параметра $a$ система уравнений
$$\begin{cases} x^2 + y^2 = 1, \\ x + y = a \end{cases}$$
имеет ровно два различных решения?"
10-C1-25,10,7,quadratic_basic,1636,"$(0,0,0)$","Найдите все целые числа $x$, $y$ и $z$ такие, что $(x^2 + 3y^2 + 9z^2)^2 = 4(x^3y + 3y^3z + 9z^3x + xy^2).$"
10-C4-22,10,7,quadratic_basic,795,$-2\sqrt5<k<2\sqrt5$,"Найдите все значения параметра $k$, при которых система
$
\begin{cases}
x+y=k,\\
x^2+y^2=10
\end{cases}
$
имеет ровно два различных действительных решения $(x,y)$."
10-C1-2-L8-gh5,10,8,quadratic_basic,2243,$a = 1$,"Найдите все значения параметра $a$, при которых система уравнений
$$
\begin{cases}
y = x^2 - 2x + a, \\
y = \sqrt{x^2 - 2x + a}
\end{cases}
$$
имеет ровно два различных решения."
10-C2-1-L1-gstub,10,1,fraction_of_number,48,$1$,Вычислите $\d\frac{1}{3}+\d\frac{4}{6}$.
10-C2-2-L1-gstub,10,1,fraction_of_number,46,$1$,Вычислите $\d\frac{2}{3}+\d\frac{1}{3}$.
10-C2-3-L1-gstub,10,1,fraction_of_number,48,$1$,Вычислите $\d\frac{4}{6}+\d\frac{1}{3}$.
10-C2-1-L2-gstub,10,2,fraction_of_number,48,$1$,Вычислите $\d\frac{2}{6}+\d\frac{2}{3}$.
10-C2-2-L2-gstub,10,2,fraction_of_number,48,$1$,Вычислите $\d\frac{4}{8}+\d\frac{2}{4}$.
10-C2-3-L2-gstub,10,2,fraction_of_number,48,$1$,Вычислите $\d\frac{3}{4}+\d\frac{1}{4}$.
10-C2-4-L2-gstub,10,2,fraction_of_number,48,$1$,Вычислите $\d\frac{4}{6}+\d\frac{2}{6}$.
10-C2-5-L2-gstub,10,2,fraction_of_number,46,$1$,Вычислите $\d\frac{1}{3}+\d\frac{2}{3}$.
10-G6-7-g,10,4,fraction_of_number,66,$26$,Для $x>0$ найдите наименьшее значение $x+\d\frac{169}{x}$.
10-D1-7,10,2,gcd_lcm_basic,56,"$\gcd(2n+3,n+1)=1$ для всех $n$.",Найдите наибольший общий делитель чисел $2n+3$ и $n+1$ для произвольного целого $n$.
10-C4-1-g,10,4,gcd_lcm_basic,59,$6$,Найдите наименьшее общее кратное чисел $3$ и $2$.
10-C4-2-g,10,4,gcd_lcm_basic,59,$4$,Найдите наименьшее общее кратное чисел $2$ и $4$.
10-C4-3-g,10,4,gcd_lcm_basic,61,$66$,Найдите наименьшее общее кратное чисел $11$ и $6$.
10-C6-24,10,6,quadratic_basic,2686,Многочлен не имеет рациональных корней.,"Дан многочлен с целыми коэффициентами $P(x) = x^4 + a_3 x^3 + a_2 x^2 + a_1 x + a_0,$ где $|a_0| > 1.$ Известно, что если $\alpha$ — корень $P(x),$ то и $\alpha + 1$ — корень $P(x).$ Докажите, что многочлен не имеет рациональных корней."
10-C3-1-L8-gh3,10,8,quadratic_basic,363,2,"Найдите наименьшее значение выражения $\frac{x^2+y^2}{xy}$ для положительных чисел $x$ и $y$, удовлетворяющих неравенству $x^3+y^3 \leq 2$."
10-C3-2-L8-gh3,10,8,quadratic_basic,4218,$a = \sqrt{2}$ или $a = -\sqrt{2}$,"Найдите все значения параметра $a$, при которых система неравенств
$$
\begin{cases}
x^2 + y^2 \leq a^2, \\
(x - a)^2 + (y - a)^2 \leq 4
\end{cases}
$$
имеет единственное решение $(x, y)$."
10-C3-3-L8-gh3,10,8,quadratic_basic,532,"$(2,2)$","Найдите все пары целых чисел $(x, y)$, удовлетворяющие неравенству $x^2 + y^2 \leq 2x + 2y$ и условию, что $x^2 + y^2$ принимает наибольшее возможное значение."
10-D1-1-L6-g911,10,6,gcd_lcm_basic,94,$1$,Найдите наибольший общий делитель чисел $2^{26}-1$ и $2^{29}-1$.
10-D1-3-L8-g911,10,8,quadratic_basic,1166,"$(19/4, 17/8)$","Решите систему уравнений x + p x + 2y -2y = 7 2, $x^2 $+ x + 2y -4 $y^2 $ = 27 2."
10-D3-5-L8-g911,10,8,quadratic_basic,1207,"$-1,75$","При каком значении параметра c найдётся такой угол $\alpha$, что числа sin $\alpha$ и cos $\alpha$ являются корнями квадратного уравнения 8 $x^2 $ + 6x + c = 0?"
10-C5a-24,10,7,quadratic_basic,1802,Нет таких целых a,"Пусть $x_1$ и $x_2$ — корни квадратного уравнения $x^2 - (2a+1)x + a^2 + a - 1 = 0$, где $a$ — целое число. Найдите все значения $a$, при которых числа $x_1^4 + x_2^4$ и $x_1^2 + x_2^2$ являются последовательными целыми числами."
10-E2-1-L7-g911,10,7,quadratic_basic,685,"$(1,1,1)$, $(1,1,2)$, $(1,2,1)$, $(2,1,1)$, $(1,2,5)$, $(2,1,5)$, $(2,5,1)$, $(5,1,2)$, $(5,2,1)$, $(1,5,2)$, $(2,5,1)$,","Найдите все тройки натуральных чисел $(x, y, z)$, удовлетворяющие уравнению $x^2 + y^2 + z^2 = 3xyz$."
10-E2-2-L7-g911,10,7,quadratic_basic,2943,"(9, 36), (15, 30)","Найдите все пары натуральных чисел $(x, y)$ такие, что $x^2 + y^2 = 2025$ и $x < y$."
10-E2-4-L7-g911,10,7,quadratic_basic,1312,"$(1,1,1)$, $(1,1,2)$, $(1,2,1)$, $(2,1,1)$","Найдите все тройки натуральных чисел $(x, y, z)$ такие, что $x^2 + y^2 + z^2 = 3xyz$."
10-E2-2-L8-g911,10,8,quadratic_basic,520,"$(5,10), (10,5), (14,21), (21,14)$","Найдите все пары натуральных чисел $(x,y)$ такие, что $x^2 + y^2 = 7(x+y) + xy$."
10-E2-3-L8-g911,10,8,quadratic_basic,2141,"$(1,1,1)$, $(1,1,2)$, $(1,2,1)$, $(2,1,1)$, $(1,2,5)$, $(1,5,2)$, $(2,1,5)$, $(2,5,1)$, $(5,1,2)$, $(5,2,1)$, $(1,3,?)$ ","Найдите все тройки натуральных чисел $(x,y,z)$, удовлетворяющие уравнению $x^2 + y^2 + z^2 = 3xyz$."
10-F1-3-L8-g911,10,8,quadratic_basic,2100,$x=y=\d\frac{5+\sqrt{13}}{2}$,"Решите систему: $\sqrt$ (x + 1) − $\sqrt$ (6 − y) + 5 = 2 $\sqrt$ (6 + 5x − $y^2 $),$x^4 $+ 5 $x^2 $− $\sqrt{y}$ =$y^4 $− $\sqrt{x}$ + 5 $y^2 $."
10-F2-3-L4-gm,10,4,complete_graph_edges,88,$20$,"Сколько рёбер в полном двудольном графе $K_{4,5}$?"
10-F2-1-L6-gh3,10,6,handshake,62,$66$,На конференции $12$ человек пожали друг другу руки. Сколько всего рукопожатий?
10-F2-2-L6-gh3,10,6,complete_graph_edges,28,$15$,"В графе $6$ вершин, каждая соединена с каждой. Сколько рёбер?"
10-F2-3-L6-g911,10,6,complete_graph_edges,28,$10$,"В графе $5$ вершин, каждая соединена с каждой. Сколько рёбер?"
10-F3-2-L2-g4,10,2,fraction_of_number,185,нет,В квадрате со стороной $1$ выбрано $82$ точек. Обязательно ли среди них найдутся две на расстоянии не более $\d\frac{\sqrt{2}}{81}$?
10-F3-2-L6-g911,10,6,socks_pigeonhole,68,$14$,"В мешке носки $13$ цветов (поровну). Какое наименьшее число носков нужно вытащить, чтобы гарантированно была пара одного цвета?"
10-F3-1-L8-g911,10,8,quadratic_basic,1446,значения a,"Найдите все значения параметра a, при которых корни уравнения $x^2 $− ($a^2 $− a)x + a − 5 = 0 являются пятым и шестым членами некоторой непостоянной арифметической прогрессии, а корни уравнения 4 $x^2 $− ($a^3 $−$a^2 $)x + 2 $a^4 $+ 2 $a^2 $−$a^6 $ − 4 = 0 являются третьим и восьмым членами этой пр"
10-G1-2-L7-gst2,10,7,quadratic_basic,421,$\pi - 2$,"Даны два множества точек на плоскости: $A = \{(x, y) \mid x^2 + y^2 \leq 1\}$ и $B = \{(x, y) \mid |x| + |y| \leq 1\}$. Найдите площадь множества $A \setminus B$."
10-G1-4-L7-gst2,10,7,quadratic_basic,850,$5$,"Даны вещественные числа $a, b, c$, причём $b > a$. Функция $f(x) = ax^2 + bx + c$ принимает неотрицательные значения при всех вещественных $x$. Найдите наименьшее возможное значение $\frac{11a + b + c}{b - a}$."
10-G2-10-L6-gf,10,6,domino_tiling,80,нет,Можно ли покрыть прямоугольник $8\times8$ без двух противоположных угловых клеток доминошками $1\times2$?
10-G2-6-L6-gf,10,6,domino_tiling,66,нет,Можно ли доску $8\times8$ без одной клетки замостить доминошками $1\times2$?
10-G2-7-L6-gf,10,6,domino_tiling,67,нет,Можно ли доску $10\times10$ без одной клетки замостить доминошками $1\times2$?
10-G2-8-L6-gf,10,6,domino_tiling,21,нет,Можно ли прямоугольник $5\times5$ замостить доминошками $1\times2$?
10-G2-9-L6-gf,10,6,domino_tiling,66,нет,Можно ли доску $6\times6$ без одной клетки замостить доминошками $1\times2$?
11-F1-11,11,3,fraction_of_number,74,$\d\frac{AF}{FB}=3$,"На сторонах $BC$, $CA$, $AB$ треугольника $ABC$ взяты точки $D$, $E$, $F$ так, что чевианы $AD$, $BE$, $CF$ пересекаются в одной точке. Известно, что $\d\frac{BD}{DC}=\dfrac23$ и $\d\frac{CE}{EA}=\dfrac12$. Найдите отношение $\d\frac{AF}{FB}$."
11-F1-12,11,3,fraction_of_number,55,$\d\frac{CE}{EA}=\dfrac23$,"Прямая пересекает сторону $AB$ треугольника $ABC$ в точке $F$, причём $AF:FB=3:1$, и сторону $BC$ в точке $D$ с $BD:DC=1:2$. Эта прямая пересекает прямую $AC$ в точке $E$. Найдите отношение $\d\frac{CE}{EA}$."
11-F1-15,11,3,fraction_of_number,46,$\d\frac{S_{\text{внутр}}}{S_{ABC}}=\dfrac17$,"На сторонах $BC$, $CA$, $AB$ треугольника $ABC$ взяты точки $D$, $E$, $F$ так, что $\d\frac{BD}{DC}=\d\frac{CE}{EA}=\d\frac{AF}{FB}=2$. Чевианы $AD$, $BE$, $CF$ образуют внутренний треугольник. Найдите отношение площади этого внутреннего треугольника к площади $ABC$."
11-A1-1-L4-gf3,11,4,quadratic_basic,9,$5$,Многочлен $P(x)=x^2+1x+5$. Найдите $P(0)$.
11-A1-2-L4-gf3,11,4,quadratic_basic,9,$4$,Многочлен $P(x)=x^2+5x+4$. Найдите $P(0)$.
11-A2-1-L4-g,11,4,quadratic_basic,97,$41$,"Корни $x_1, x_2$ уравнения $x^2+1x-20=0$. Найдите $x_1^2+x_2^2$."
11-A2-3-L4-g,11,4,quadratic_basic,95,$73$,"Корни $x_1, x_2$ уравнения $x^2-11x+24=0$. Найдите $x_1^2+x_2^2$."
11-A2-4-L4-g,11,4,quadratic_basic,97,$85$,"Корни $x_1, x_2$ уравнения $x^2+1x-42=0$. Найдите $x_1^2+x_2^2$."
11-A2-5-L4-g,11,4,quadratic_basic,98,$145$,"Корни $x_1, x_2$ уравнения $x^2+1x-72=0$. Найдите $x_1^2+x_2^2$."
11-F1-16,11,4,fraction_of_number,63,$\d\frac{S_{\text{внутр}}}{S_{ABC}}=\d\frac{4}{13}$,"На сторонах $BC$, $CA$, $AB$ треугольника $ABC$ взяты точки $D$, $E$, $F$ так, что $\d\frac{BD}{DC}=\d\frac{CE}{EA}=\d\frac{AF}{FB}=3$. Чевианы $AD$, $BE$, $CF$ ограничивают внутренний треугольник. Найдите отношение его площади к площади $ABC$."
11-A2-10-L5-g,11,5,fraction_of_number,94,$\d\frac{7}{13}$,Найдите значение произведения $\prod_{k=2}^{13}\left(1-\d\frac{1}{k^2}\right)$.
11-A2-11-L5-g,11,5,fraction_of_number,95,$\d\frac{13}{24}$,Найдите значение произведения $\prod_{k=2}^{12}\left(1-\d\frac{1}{k^2}\right)$.
11-A2-13-L5-g,11,5,fraction_of_number,95,$\d\frac{11}{20}$,Найдите значение произведения $\prod_{k=2}^{10}\left(1-\d\frac{1}{k^2}\right)$.
11-A2-15-L5-g,11,5,fraction_of_number,95,$\d\frac{29}{56}$,Найдите значение произведения $\prod_{k=2}^{28}\left(1-\d\frac{1}{k^2}\right)$.
11-A2-16-L5-g,11,5,fraction_of_number,94,$\d\frac{6}{11}$,Найдите значение произведения $\prod_{k=2}^{11}\left(1-\d\frac{1}{k^2}\right)$.
11-A2-7-L5-g,11,5,fraction_of_number,95,$\d\frac{31}{60}$,Найдите значение произведения $\prod_{k=2}^{30}\left(1-\d\frac{1}{k^2}\right)$.
11-A2-8-L5-g,11,5,fraction_of_number,95,$\d\frac{11}{21}$,Найдите значение произведения $\prod_{k=2}^{21}\left(1-\d\frac{1}{k^2}\right)$.
11-C6-23,11,6,quadratic_basic,626,$-8$,"Пусть $P(x)=x^3+ax^2+bx+c$, где $a,b,c$ — целые числа. Известно, что $P(\sqrt{3})=0$ и $P(\sqrt{5})=0$. Найдите все возможные значения $P(1)$, если $|P(1)| < 1000$."
11-C6-8,11,6,quadratic_basic,1390,Таких целых $n$ не существует.,"Найдите все целые числа $n$ такие, что многочлен $P(x)=x^3+2x^2-nx+4$ имеет три попарно различных целых корня."
11-C6-9,11,6,quadratic_basic,680,Таких многочленов нет,"Пусть $P(x)=x^3+ax^2+bx+c$ — многочлен с целыми коэффициентами, причём $P(1)=P(-1)=-1$. Известно, что $P(x)$ имеет ровно один целый корень $x_0$, и этот корень лежит на отрезке $[-10,10]$. Найдите все возможные значения $x_0$ и соответствующие им многочлены $P(x)$, если дополнительно известно, что $"
11-C4-12,11,7,quadratic_basic,3287,Пример: $f(x) = \frac{2x^2 - 3}{x}$ (с точностью до умножения на ненулевую константу),"Дана функция $f(x) = \frac{ax^2 + bx + c}{dx + e}$, где $a, b, c, d, e$ — целые числа, причем $d \neq 0$ и $ad \neq 0$. Известно, что уравнение $f(f(x)) = x$ имеет ровно 4 различных вещественных корня, среди которых нет корней, при которых знаменатель обращается в ноль. Найдите все возможные значени"
11-C4-8,11,7,quadratic_basic,2383,"Все пары $(a, b)$, где $t$ — отрицательный делитель 2024, кратный 11, $a$ — целое число, удовлетворяющее $(a+t)^2 < -809","Найдите все пары целых чисел $(a,b)$ таких, что многочлен $P(x) = x^3 + ax^2 + bx + 2024$ имеет ровно один действительный корень, и этот корень является целым числом, кратным 11."
11-C5-22,11,7,quadratic_basic,2514,Нет таких значений (пустое множество),"Даны многочлены $P(x)=x^3+ax^2+bx+c$ и $Q(x)=x^3+dx^2+ex+f$ с целыми коэффициентами, причём $P(1)=Q(1)=0$ и $P(2)=Q(2)=0$. Известно, что $P(x)-Q(x)$ делится на $x^2-1$, а $P(x)+Q(x)$ делится на $x^2-4$. Найдите все возможные значения свободного члена многочлена $P(x)$, если $P(0)$ — простое число."
11-C5a-21,11,7,quadratic_basic,5302,1 и 2,"Даны различные приведённые квадратные трёхчлены $P(x)=x^2-px+q$ и $Q(x)=x^2-rx+s$ с целыми коэффициентами. Известно, что $P(0)$ и $Q(0)$ — простые числа, а числа $p$ и $r$ таковы, что $p$ — корень уравнения $Q(x)=0$, а $r$ — корень уравнения $P(x)=0$. Найдите все возможные значения $|p-r|$."
11-C5a-23,11,7,quadratic_basic,1055,$1151$,"Пусть $a$, $b$, $c$ — корни многочлена $x^3 - 7x^2 + 14x - 8$. Рассмотрим числа $p = a^2 + b^2 + c^2$, $q = a^3 + b^3 + c^3$, $r = a^5 + b^5 + c^5$. Найдите сумму $p + q + r$."
11-C5a-24,11,7,quadratic_basic,823,"Таких значений нет: подходящих троек $(a,b,c)$ не существует.","Даны различные действительные числа $a$, $b$, $c$ такие, что квадратные трехчлены $x^2 + ax + b, \quad x^2 + bx + c, \quad x^2 + cx + a$ имеют ровно один общий корень. Найдите все возможные значения $a + b + c$."
11-C6-11,11,7,quadratic_basic,1060,Делится,"Пусть $P(x) = x^3 + ax^2 + bx + c$ — многочлен с целыми коэффициентами. Известно, что $P(1)=1$, $P(2)=4$ и $P(3)=9$. Докажите, что $P(2025)$ делится на $2025$."
11-C6-12,11,7,quadratic_basic,2850,"Доказано, что $P(x)^2+1$ имеет целый корень.","Дан многочлен $P(x)=x^3+ax^2+bx+c$ с целыми коэффициентами. Известно, что для любого целого $n$ число $P(n)^2+n^2+3$ делится на $P(n^2)+n+5$. Докажите, что $P(x)^2+1$ имеет хотя бы один целый корень."
11-C6-13,11,7,quadratic_basic,1205,$P(x) = -1$ или $P(x) = 0$,"Найдите все многочлены $P(x)$ с целыми коэффициентами, для которых выполняется равенство: $P(x^2 + 1) = (P(x))^2 + 2P(x) + 1.$"
11-C6-14,11,7,quadratic_basic,1453,$13$,"Дан многочлен P(x) = x^4 + a x^3 + b x^2 + c x + d с целыми коэффициентами. Известно, что P(1) = 5, P(2) = 10, P(3) = 17. Найдите наименьшее возможное по модулю значение P(5) при условии, что P(5) > 0."
11-C6-17,11,7,quadratic_basic,476,$x=-4$,"Пусть $P(x) = x^3 + ax^2 + bx + c$ — многочлен с целыми коэффициентами, причём $P(1) = 10$ и $P(-1) = 6$. Известно, что $ac=16$. Докажите, что уравнение $P(x) = 0$ имеет хотя бы один целочисленный корень."
11-C6-19,11,7,quadratic_basic,1525,"Доказано, что $k$ делится на 6.","Пусть $P(x)=x^3+ax^2+bx+c$ — многочлен с целыми коэффициентами, причём $P(1)=0$ и $P(2)=0$. Известно, что существует такое целое число $k$, что уравнение $P(x)=k$ имеет хотя бы один целый корень, отличный от 1 и 2. Докажите, что $k$ делится на 6."
11-C6-20,11,7,quadratic_basic,2562,"Доказательство существования бесконечного множества n, для которых сумма цифр |P(n)| ≥ 3 (справедливо для любых трёх раз","Дан многочлен с целыми коэффициентами $P(x) = x^3 + a x^2 + b x + c$, где $a, b, c \in \mathbb{Z}$. Известно, что многочлен $P(x)$ имеет три различных целых корня: $p, q, r$. Для любого целого числа $n$, отличного от $p, q, r$, рассмотрим значение $P(n)$ и его каноническое разложение на простые множ"
11-C6-24,11,7,quadratic_basic,1209,Многочлен P(x) не имеет целых корней.,"Многочлен с целыми коэффициентами $P(x) = x^5 + a_4 x^4 + a_3 x^3 + a_2 x^2 + a_1 x + a_0$ обладает следующим свойством: существует такое ненулевое целое число $m$, что $P(m) = 7$, а для всех целых $k$ от $1$ до $m-1$ выполнено $P(k) = 2025$. Докажите, что $P(x)$ не имеет целых корней."
11-C6-3,11,7,quadratic_basic,2072,"Второй общий корень — $\sqrt[3]{2} \cdot e^{2\pi i/3}$ (или $\sqrt[3]{2} \cdot \omega$, где $\omega$ — кубический корень","Даны многочлены $P(x) = x^3 + ax^2 + bx + c$ и $Q(x) = x^3 + px^2 + qx + r$ с целыми коэффициентами. Известно, что число $\sqrt[3]{2}$ является общим корнем многочленов $P(x)$ и $Q(x)$. Докажите, что многочлены $P(x)$ и $Q(x)$ имеют ещё один общий корень, и найдите его."
11-C4-17,11,6,quadratic_basic,840,"$x = 1,; x = -2$",Дана функция $f(x) = \frac{x^5 + 2x^3 + x}{x^4 + 2x^2 + 1}$. Решите уравнение $f\left(\frac{1}{x}\right) + f\left(\frac{x}{x+1}\right) = \frac{3}{2}$. Найдите все действительные решения.
11-A2-5-L8-gh6,11,8,quadratic_basic,2427,"$P(x) \equiv 0$, $P(x) \equiv 1$, $P(x) \equiv (-1)^n$, $P(x) = (x)^n$, $P(x) = (-x)^n$, где $n$ — неотрицательное целое","Найдите все многочлены $P(x)$ с действительными коэффициентами, такие что для всех $x \in \mathbb{R}$ выполняется равенство $P(x^2) = P(x)P(-x)$."
11-C4-20,11,7,quadratic_basic,3076,"Все тройки (x,y,z), получаемые перестановками чисел из последовательности: 1, 1, 2, 5, 29, 433,... (задаваемой рекуррент","Решите уравнение в целых числах: $x^2 + y^2 + z^2 = 3xyz.$

**Примечание:** Подстановки и замены переменной могут быть полезны для упрощения уравнения. Попробуйте свести его к более знакомому виду, например, используя замену $a = \frac{x}{\gcd(x,y,z)},$ и т.д."
11-B2-5-L5-g2,11,5,quadratic_basic,1194,$59$,"Числа x, y, z удовлетворяют $x^4 $+ 1 = 62 $x^2 $,$y^4 $+ 1 = 674 $y^2 $,$z^4 $+ 1 = 623 $z^2 $. Найдите наибольшее натуральное n, при котором число $x^2 $+$y^2 $+$z^2 $ делится на n."
11-C4-10,11,6,quadratic_basic,1491,"$x = \sqrt{3}, ; x = -\sqrt{3}$",Решите уравнение: $\left(\frac{x^2 - 1}{x^2 + 1}\right)^3 + \left(\frac{x^2 + 1}{x^2 - 1}\right)^3 = \frac{65}{8}.$
11-C4-19,11,6,quadratic_basic,576,$x=rac{-1\pm\sqrt3}{2}$,Решите уравнение в действительных числах: $(x^2 + x + 1)^2 + (x^2 + x + 2)^2 = 2(x^4 + 2x^3 + 3x^2 + 2x + 3).$
11-C4-14,11,7,quadratic_basic,3461,"(0, 0, 0)","Найдите все тройки действительных чисел $(x, y, z)$, удовлетворяющие системе уравнений:
$
\begin{cases}
x + \sqrt{x^2 + 4y} = \frac{2z}{y+1}, \\
y + \sqrt{y^2 + 4z} = \frac{2x}{z+1}, \\
z + \sqrt{z^2 + 4x} = \frac{2y}{x+1}.
\end{cases}
$

Подсказка: каждая левая часть похожа на выражение, которое мо"
11-C4-22,11,7,quadratic_basic,2091,$x=0$,"Решите уравнение в действительных числах:
$x\sqrt{x^2+1}+\sqrt{x^4+x^2+1} = 2x^2+1.$

Найдите все такие $x$, для которых выполняется равенство."
11-C4-4,11,7,quadratic_basic,1358,$x = \frac{1}{2}$,"Решите уравнение в действительных числах:
$\sqrt{x^2 + 4x + 13} + \sqrt{x^2 - 6x + 25} = \sqrt{x^2 + 2x + 5} + \sqrt{x^2 - 8x + 41}$"
11-C5a-25,11,7,quadratic_basic,987,"$(p,q) = (\pm(\sqrt{3}+\sqrt{2}), \sqrt{6})$ или $(\pm(\sqrt{3}-\sqrt{2}), -\sqrt{6})$.","Пусть $x_1, x_2$ — корни квадратного уравнения $x^2 + px + q = 0$, где $p$ и $q$ — действительные числа, причём $q \neq 0$. Рассмотрим последовательность чисел $a_n = x_1^{2n} + x_2^{2n}$ для $n \in \mathbb{N}$. Известно, что $a_1 = 5$ и $a_2 = 13$. Найдите все возможные значения $p$ и $q$."
11-B3-1-L6-gh3,11,6,fraction_of_number,81,$60$ руб.,"У Васи было $120$ рублей. Сначала он потратил $\d\frac{1}{4}$ всех денег, а затем $\d\frac{1}{3}$ остатка. Сколько рублей осталось?"
11-B3-3-L6-g911,11,6,fraction_of_number,84,$135$ руб.,"У Васи было $240$ рублей. Сначала он потратил $\d\frac{1}{4}$ всех денег, а затем $\d\frac{1}{4}$ остатка. Сколько рублей осталось?"
11-C1-L3-fill-2,11,3,quadratic_basic,199,$23$.,"Известно, что $x+\dfrac1x=5$. Найдите значение выражения $x^2+\dfrac1{x^2}$."
11-F2-20,11,4,fraction_of_number,102,"Доказано: $AB$ — поляра $P$, и $\d\frac{2}{PZ}=\d\frac{1}{PX}+\d\frac{1}{PY}$ (гармоническая четвёрка $(P,Z;X,Y)=-1$)","Точка $P$ лежит вне окружности $\omega$ с центром $O$. Из $P$ проведены касательные $PA$, $PB$ ($A,B$ — точки касания) и произвольная секущая, пересекающая $\omega$ в точках $X$ и $Y$. Докажите, что прямая $AB$ (поляра точки $P$) проходит через точку, гармонически сопряжённую с $P$ относительно $X,Y"
11-F3-16,11,4,fraction_of_number,88,Тождество $\dfrac1a=\dfrac1b+\dfrac1c$ доказано (теорема Птолемея),"В правильном семиугольнике обозначим через $a$ его сторону, через $b$ — кратчайшую диагональ, через $c$ — наибольшую диагональ. Докажите тождество $\d\frac{1}{a}=\d\frac{1}{b}+\d\frac{1}{c}$."
11-C4-11,11,7,quadratic_basic,1555,"Существует подстановка, например, исходная тройка (a, b, c). Неравенство выполняется по неравенству Коши-Буняковского и ","Даны положительные числа $a, b, c$, удовлетворяющие условию $a+b+c = 3$. Докажите, что существует такая подстановка $(x, y, z)$, являющаяся перестановкой чисел $(a, b, c)$, что $\frac{x^2}{y+z} + \frac{y^2}{z+x} + \frac{z^2}{x+y} \geq \frac{3}{2}$."
11-C4-5,11,7,quadratic_basic,1914,Равенство при $x = y = z = 1$,"Докажите, что для любых действительных чисел $x, y, z$, удовлетворяющих условию $xyz = 1$, выполняется неравенство:
$
\frac{1}{x^2 + 1} + \frac{1}{y^2 + 1} + \frac{1}{z^2 + 1} \leq 2
$
При каких $x, y, z$ достигается равенство?"
11-C1-3-L8-gh5,11,8,quadratic_basic,678,Равенство достигается при $x = y = z = \frac13$.,"Пусть $x, y, z > 0$ и $x + y + z = 1$. Докажите, что
$$\frac{1}{x^2 + y^2 + z^2} + \frac{1}{xy + yz + zx} \ge 12.$$
Найдите все тройки $(x, y, z)$, для которых достигается равенство."
11-C2-1-L8-gh3,11,8,quadratic_basic,1904,1,"Найдите наибольшее значение выражения $\frac{x^2 + y^2 + z^2}{xy + yz + zx}$ для положительных чисел $x, y, z$, удовлетворяющих условию $x + y + z = 1$."
11-C2-2-L8-gh3,11,8,quadratic_basic,341,5,"Найдите наименьшее значение выражения $x^2 + y^2 + z^2$ для вещественных чисел $x, y, z$, удовлетворяющих условиям $x + y + z = 1$ и $xy + yz + zx = -1$."
11-C2-3-L8-gh3,11,8,quadratic_basic,460,3,"Найдите наименьшее возможное значение выражения $\frac{x^2}{y} + \frac{y^2}{z} + \frac{z^2}{x}$ для положительных действительных чисел $x, y, z$, удовлетворяющих условию $x + y + z = 3$."
11-C3-1-L2-g3,11,2,fraction_of_number,53,$1$,Вычислите значение выражения $\d\frac{10}{12}+\d\frac{2}{12}$.
11-C4-1-g,11,4,gcd_lcm_basic,60,$12$,Найдите наименьшее общее кратное чисел $3$ и $4$.
11-C4-2-g,11,4,gcd_lcm_basic,60,$24$,Найдите наименьшее общее кратное чисел $8$ и $3$.
11-C4-3-g,11,4,gcd_lcm_basic,60,$18$,Найдите наименьшее общее кратное чисел $6$ и $9$.
11-C3-1-L7-gh3,11,7,quadratic_basic,3325,$\sqrt{2}$,Найдите наименьшее значение выражения $\sqrt{(x-2)^2+y^2}+\sqrt{x^2+(y-2)^2}+\sqrt{(x-1)^2+(y-1)^2}$ при действительных $x$ и $y$.
11-C3-2-L7-gh3,11,7,quadratic_basic,330,1,"Найдите наименьшее значение выражения $\frac{x^2 + y^2 + z^2}{xy + yz + zx}$ для положительных чисел $x, y, z$, удовлетворяющих условию $x + y + z = 3$."
11-C3-3-L7-gh3,11,7,quadratic_basic,305,4,"Найдите наименьшее значение функции $f(x) = x^4 - 4x^3 + 6x^2 - 4x + 5$ на отрезке $[0, 3]$."
11-C3-1-L8-gh3,11,8,quadratic_basic,585,$3\sqrt{2}$,"Найдите наименьшее значение выражения $\sqrt{x^2+1}+\sqrt{y^2+1}+\sqrt{z^2+1}$, где $x,y,z$ — действительные числа, удовлетворяющие условию $x+y+z=3$ и $xy+yz+zx=3$."
11-C3-1-L8-gst2,11,8,quadratic_basic,2117,3,Найдите наименьшее значение функции $f(x) = \frac{4x^2 + 8x + 5}{x^2 + 2x + 2}$ при $x \in \mathbb{R}$.
11-C3-2-L8-gh3,11,8,quadratic_basic,791,0.5,"Найдите наименьшее значение выражения $x^2+y^2$ при условии, что числа $x, y$ действительны и удовлетворяют неравенству $|x|+|y| \geq 1$."
11-C3-3-L8-gh3,11,8,quadratic_basic,809,-\frac{1}{3},"Найдите наименьшее значение выражения $x^2 + y^2 + z^2 - 2xy - 2yz - 2zx$ для действительных чисел $x, y, z$, удовлетворяющих условию $x + y + z = 1$."
11-C3-4-L8-gh3,11,8,quadratic_basic,544,$2\sqrt{2}$,"Найдите наименьшее значение выражения $\sqrt{x^2+y^2}+\sqrt{(x-1)^2+y^2}+\sqrt{x^2+(y-1)^2}+\sqrt{(x-1)^2+(y-1)^2}$ по всем вещественным $x,y$."
11-D1-2-L2-g3,11,2,fraction_of_number,49,$1$,Вычислите значение выражения $\d\frac{2}{4}+\d\frac{5}{10}$.
11-D1-4-L2-g3,11,2,fraction_of_number,48,$1$,Вычислите значение выражения $\d\frac{4}{8}+\d\frac{4}{8}$.
11-C4-3,11,7,quadratic_basic,2063,$x=\frac12$,"Решите уравнение в действительных числах: $\frac{1}{\sqrt{x^2+1}}+\frac{1}{\sqrt{(x-1)^2+1}}=\frac{2}{\sqrt{1+\left(\frac{1}{2}\right)^2}}.$

Подсказка: попробуйте интерпретировать каждое слагаемое как расстояние между точками на плоскости."
11-D1-24,11,7,crt_basic,13809,"Доказать, что N составное.","Натуральное число $N$ таково, что при делении на $13$ оно даёт остаток $1$, а при делении на $17$ — остаток $5$. Каждую цифру десятичной записи числа $N$ увеличили на $k$ (где $k$ — целое число от $0$ до $9$), при этом если цифра становилась больше $9$, то из неё вычитали $10$ (то есть рассматривали"
11-D1-1-L8-g911,11,8,quadratic_basic,3640,"$a \in (\sqrt{5}, \sqrt{10})$","Найдите все значения параметра $a$, при которых уравнение $\sqrt{x^2-2x+2}+\sqrt{x^2-6x+13}=a$ имеет ровно два различных решения."
11-D1-23,11,8,gcd_lcm_basic,1777,$1$,"На доске написано несколько различных натуральных чисел, каждое из которых не превосходит $1000$. Известно, что для любых двух различных чисел $a$ и $b$ из этого набора число $a-b$ делится на их наименьшее общее кратное. Найдите максимально возможное количество чисел на доске."
11-D2-1-L1-g3,11,1,quadratic_basic,29,$a=3$,При каком $a$ уравнение $3x^2=12$ имеет корень $x=2$?
11-D2-2-L1-g3,11,1,quadratic_basic,30,$a=6$,При каком $a$ уравнение $6x^2=150$ имеет корень $x=5$?
11-D2-1-L2-g3,11,2,quadratic_basic,29,$a=4$,При каком $a$ уравнение $4x^2=64$ имеет корень $x=4$?
11-D2-3-L2-g3,11,2,quadratic_basic,30,$a=3$,При каком $a$ уравнение $3x^2=147$ имеет корень $x=7$?
11-D2-1-L3-gst2,11,3,quadratic_basic,24,$a>1$,При каких $a$ уравнение $x^2-2x+9=0$ не имеет корней?
11-D2-1-L4-g3,11,4,quadratic_basic,29,$a=6$,При каком $a$ уравнение $6x^2=54$ имеет корень $x=3$?
11-D2-2-L4-g3,11,4,quadratic_basic,29,$a=2$,При каком $a$ уравнение $2x^2=72$ имеет корень $x=6$?
11-D2-1-L6-gh4,11,6,quadratic_basic,38,$a=4$,При каких $a$ уравнение $x^2-4x+a=0$ имеет единственный корень?
11-D2-2-L7-gh3,11,7,quadratic_basic,849,$a = 3$,"Найдите все значения параметра $a$, при которых уравнение $\sqrt{x^2 - 4x + 4} + \sqrt{x^2 + 2x + 1} = a$ имеет ровно два различных корня."
11-D2-2-L7-gst2,11,7,quadratic_basic,1109,"$a \in (-\infty, 0)$","Найдите все значения параметра $a$, при которых уравнение $\sqrt{x^2-4x+4} = |x-2| + a$ имеет ровно два различных корня."
11-D2-3-L7-gh3,11,7,quadratic_basic,527,$a = 3$,"Найдите все значения параметра $a$, при которых уравнение $\sqrt{x^2-4x+5} + \sqrt{x^2-4x+8} = a$ имеет ровно одно решение."
11-D2-6-L7-gf,11,7,quadratic_basic,1405,$a\in(-1;0)\cup(0;2)$,"Найдите все значения параметра $a$, при которых уравнение $\sqrt{x^2-2ax+4a}+\sqrt{x^2-4x+4}=a+2$ имеет ровно два различных корня."
11-D2-10-L8-gf,11,8,quadratic_basic,2834,$a=4$,"Найдите все значения параметра $a$, при которых уравнение $\sqrt{x^2-4x+4}+\sqrt{x^2+4x+4}=a$ имеет ровно один корень."
11-D2-7-L8-gf,11,8,quadratic_basic,2886,$a = 0$,"Найдите все значения параметра $a$, при которых уравнение $\sqrt{x^2 - 2ax + a^2 + 1} = \sqrt{x^2 + 2ax + a^2 + 1}$ имеет ровно одно решение."
11-D2-8-L8-gf,11,8,quadratic_basic,2282,$a \in (\sqrt{2} + 1; +\infty)$,"Найдите все значения параметра $a$, при каждом из которых уравнение

$\sqrt{2x^2 - 4x + 3} = a - x$

имеет ровно два различных решения."
11-D3-1-L1-g2,11,1,quadratic_basic,59,"$x_1=6, x_2=0$",Решите уравнение: $x^2-6x+0=0$.
11-D3-2-L1-g2,11,1,quadratic_basic,59,"$x_1=5, x_2=0$",Решите уравнение: $x^2-5x+0=0$.
11-D3-3-L1-g2,11,1,quadratic_basic,62,"$x_1=5, x_2=-3$",Решите уравнение: $x^2-2x-15=0$.
11-D3-4-L1-g2,11,1,quadratic_basic,62,"$x_1=6, x_2=-6$",Решите уравнение: $x^2+0x-36=0$.
11-D3-5-L1-g2,11,1,quadratic_basic,61,"$x_1=5, x_2=-1$",Решите уравнение: $x^2-4x-5=0$.
11-D3-10-L2-g2,11,2,quadratic_basic,62,"$x_1=9, x_2=-3$",Решите уравнение: $x^2-6x-27=0$.
11-D3-7-L2-g2,11,2,quadratic_basic,62,"$x_1=1, x_2=-4$",Решите уравнение: $x^2+3x-4=0$.
11-D3-8-L2-g2,11,2,quadratic_basic,62,"$x_1=4, x_2=-4$",Решите уравнение: $x^2+0x-16=0$.
11-D3-9-L2-g2,11,2,quadratic_basic,63,"$x_1=2, x_2=-8$",Решите уравнение: $x^2+6x-16=0$.
11-D3-11-L3-g2,11,3,quadratic_basic,59,"$x_1=3, x_2=0$",Решите уравнение: $x^2-3x+0=0$.
11-D3-12-L3-g2,11,3,quadratic_basic,63,"$x_1=5, x_2=-9$",Решите уравнение: $x^2+4x-45=0$.
11-D3-13-L3-g2,11,3,quadratic_basic,62,"$x_1=1, x_2=-9$",Решите уравнение: $x^2+8x-9=0$.
11-D3-14-L3-g2,11,3,quadratic_basic,61,"$x_1=4, x_2=-1$",Решите уравнение: $x^2-3x-4=0$.
11-D3-15-L3-g2,11,3,quadratic_basic,61,"$x_1=3, x_2=-1$",Решите уравнение: $x^2-2x-3=0$.
11-D3-17-L4-g2,11,4,quadratic_basic,63,"$x_1=2, x_2=-9$",Решите уравнение: $x^2+7x-18=0$.
11-D3-20-L4-g2,11,4,quadratic_basic,63,"$x_1=3, x_2=-7$",Решите уравнение: $x^2+4x-21=0$.
11-D3-L4-fill-1,11,4,quadratic_basic,207,$x=2$ или $x=-10$.,Решите уравнение: $x^2+8x-20=0$.
11-D3-L4-fill-2,11,4,quadratic_basic,140,"$x_1=3, x_2=4$",Решите уравнение: $x^2-7x+12=0$.
11-D3-L4-fill-3,11,4,quadratic_basic,254,$x=8$ или $x=-5$.,Решите уравнение: $x^2-3x-40=0$.
11-D3-21-L5-g2,11,5,quadratic_basic,56,$-12$,Один из корней уравнения $x^2+4x-96=0$ равен $8$. Найдите второй корень.
11-D3-22-L5-g2,11,5,quadratic_basic,44,$-7$,При каком $k$ число $3$ является корнем уравнения $x^2+kx+10=0$?
11-D3-23-L5-g2,11,5,fraction_of_number;quadratic_basic,73,$\d\frac{5}{6}$,Найдите сумму $\d\frac{1}{x_1}+\d\frac{1}{x_2}$ для корней уравнения $x^2-5x+6=0$.
11-D3-24-L5-g2,11,5,quadratic_basic,43,$-4$,При каком $k$ число $5$ является корнем уравнения $x^2+kx-5=0$?
11-D3-25-L5-g2,11,5,quadratic_basic,37,$10$,Найдите произведение корней уравнения $x^2-(7)x+10=0$.
11-F2-1-L6-g911,11,6,handshake,62,$55$,На конференции $11$ человек пожали друг другу руки. Сколько всего рукопожатий?
11-F2-1-L8-g911,11,8,quadratic_basic,1143,"$(1,1,1)$ и $(1,1,2)$ с точностью до перестановки.","Найдите все тройки натуральных чисел $(x, y, z)$, удовлетворяющие уравнению $x^2 + y^2 + z^2 = 3xyz$."
11-F2-2-L8-g911,11,8,quadratic_basic,1065,"Единственная тройка: $(1,1,1)$.","Найдите все тройки натуральных чисел $(x, y, z)$, удовлетворяющие уравнению $x^2 + y^2 + z^2 = 2xyz$."
11-F2-3-L8-g911,11,8,quadratic_basic,1841,"$(1,1,1)$, $(1,1,2)$, $(1,2,1)$, $(2,1,1)$, $(1,2,5)$, $(1,5,2)$, $(2,1,5)$, $(2,5,1)$, $(5,1,2)$, $(5,2,1)$, $(1,5,13)$","Найдите все тройки натуральных чисел $(x, y, z)$ такие, что $x^2 + y^2 + z^2 = 3xyz$."
11-F3-1-L6-g911,11,6,socks_pigeonhole,65,$9$,"В мешке носки $8$ цветов (поровну). Какое наименьшее число носков нужно вытащить, чтобы гарантированно была пара одного цвета?"
11-G2-1-L6-gh3,11,6,domino_tiling,19,да,Можно ли прямоугольник $5\times4$ замостить доминошками $1\times2$?
11-G2-2-L6-gh3,11,6,domino_tiling,20,нет,Можно ли прямоугольник $3\times3$ замостить доминошками $1\times2$?
11-G2-4-L6-gh3,11,6,domino_tiling,80,нет,Можно ли покрыть прямоугольник $6\times6$ без двух противоположных угловых клеток доминошками $1\times2$?
11-G2-5-L6-gh3,11,6,domino_tiling,70,нет,Прямоугольник $4\times5$ без двух противоположных углов. Можно ли замостить доминошками?
11-G2-6-L6-gh3,11,6,domino_tiling,70,нет,Прямоугольник $3\times5$ без двух противоположных углов. Можно ли замостить доминошками?
11-G2-7-L6-gh3,11,6,domino_tiling,21,нет,Можно ли прямоугольник $5\times3$ замостить доминошками $1\times2$?
6-A1-L4-fill-0071,6,4,gcd_lcm_basic,144,72,Найдите наименьшее общее кратное чисел 24 и 36.
10-C1-L6-fill-0276,10,6,quadratic_basic,493,"$a \in (-2\sqrt{2}, 2\sqrt{2})$","Найдите все значения параметра $a$, при которых система уравнений $$\begin{cases} x^2 + y^2 = 4, \\ x + y = a \end{cases}$$ имеет ровно два различных решения."
8-F1-L5-fill-0120,8,5,quadratic_basic,119,3; 4,Решите уравнение $x^2 - 7x + 12 = 0$.
9-B1-L2-fill-0181,9,2,quadratic_basic,301,$(3;4)$ и $(4;3)$,Решите систему уравнений: $\begin{cases} x^2 + y^2 = 25 \\ x + y = 7 \end{cases}$.
9-A3-L2-fill-0183,9,2,quadratic_basic,212,"-2, -1, 1, 2",Решите уравнение: $x^4 - 5x^2 + 4 = 0$.
7-A3-L3-fill-0085,7,3,quadratic_basic,119,$(x-5)(x+3)$,Разложите на множители: $x^2 - 2x - 15$.
6-D1-L1-fill-0044,6,1,gcd_lcm_basic,175,12,Найдите наибольший общий делитель чисел 24 и 36.
5-D3-L2-fill-0016,5,2,crt_basic,341,23,"Найдите наименьшее натуральное число, которое при делении на 6 даёт остаток 5, а при делении на 8 даёт остаток 7."
8-A1-L3-fill-0099,8,3,quadratic_basic,134,2; 3,Решите уравнение $x^2 - 5x + 6 = 0$.
10-C3-L8-fill-0296,10,8,quadratic_basic,910,"$(1,1), (1,-1), (-1,1), (-1,-1), (2,0), (0,2), (-2,0), (0,-2)$","Найдите все пары целых чисел $(x,y)$, удовлетворяющие системе: $\begin{cases} x^2 + y^2 = 2(xy + 1) \\ |x-y| \leq 2 \end{cases}$."
6-D1-L2-fill-0051,6,2,gcd_lcm_basic,158,12,Найдите наибольший общий делитель чисел 48 и 60.
8-A2-L3-fill-0100,8,3,quadratic_basic,168,7,Найдите сумму корней уравнения $x^2 - 7x + 12 = 0$.
11-D2-L3-fill-0350,11,3,quadratic_basic,2817,"$a \in [1, 2)$",При каких значениях параметра $a$ уравнение $\sqrt{x^2 - 2x + 1} = a - x$ имеет ровно одно решение?
8-B3-L3-fill-0104,8,3,quadratic_basic,399,4,"Найдите наименьшее значение выражения $x^2 + y^2 + \frac{1}{x^2} + \frac{1}{y^2}$ при положительных $x$ и $y$, если $x^2+y^2=2$."
9-A1-L7-fill-0233,9,7,quadratic_basic,640,a = 3,"Найдите все значения параметра $a$, при которых уравнение $x^2 - (a+1)x + a = 0$ имеет два различных положительных корня, и сумма их квадратов равна $5$."
6-A1-L3-fill-0056,6,3,gcd_lcm_basic,181,36,Найдите наименьшее общее кратное чисел 12 и 18.
8-D1-L5-fill-0119,8,5,quadratic_basic,234,2\sqrt{3},Найдите наименьшее значение выражения $\frac{x^2+3}{x}$ при $x>0$.
9-B1-L7-fill-0226,9,7,quadratic_basic,671,"$(3;4)$, $(-3;-4)$, $(4;3)$, $(-4;-3)$",Решите систему уравнений: $\begin{cases} x^2 + y^2 = 25 \\ |x-y| = 1 \end{cases}$.
11-D3-L5-fill-0368,11,5,quadratic_basic,623,"$a \in (2\sqrt{2}, +\infty)$","Найдите все значения параметра $a$, при которых уравнение $\sqrt{x^2 + 2x + 2} + \sqrt{x^2 - 2x + 2} = a$ имеет ровно два различных решения."
10-C2-L7-fill-0291,10,7,quadratic_basic,1429,"$x \in [-2, -1) \cup (-1, 0]$",Решите неравенство: $\frac{x^2+2x+2}{x+1} + \frac{x^2+3x+3}{x+2} \leq \frac{2x^2+5x+5}{x+3}$.
9-A3-L1-fill-0171,9,1,quadratic_basic,192,"$x = \pm 1, \pm 2$",Решите уравнение: $x^4 - 5x^2 + 4 = 0$.
11-C2-L2-fill-0335,11,2,quadratic_basic,533,1,"Найдите наибольшее значение выражения $\frac{x^2 + y^2}{x + y + 1}$ при условии $x \geq 0$, $y \geq 0$, $x + y \leq 1$."
11-D2-L2-fill-0336,11,2,quadratic_basic,476,$a \neq 2$,При каких значениях параметра $a$ уравнение $\frac{x^2 - 4x + 3}{x - 1} = a$ имеет ровно один корень?
8-B3-L8-fill-0146,8,8,quadratic_basic,827,4,Найдите наименьшее значение выражения $\frac{x^2+4}{x-1}$ для $x>1$.
8-F1-L4-fill-0114,8,4,crt_basic,954,368,"Найдите наименьшее натуральное число, которое при делении на 5 даёт остаток 3, при делении на 7 даёт остаток 4, а при делении на 11 даёт остаток 6."
9-B1-L8-fill-0243,9,8,quadratic_basic,1069,"$(\pm 1, 0), (0, \pm 1)$","Решите систему уравнений: $\begin{cases} x^2 + y^2 = 2, \\ |x| + |y| = \sqrt{2} \end{cases}$"
9-B1-L5-fill-0211,9,5,quadratic_basic,404,"$(3,4)$, $(-3,-4)$, $(4,3)$, $(-4,-3)$",Решите систему уравнений: $\begin{cases} x^2 + y^2 = 25 \\ xy = 12 \end{cases}$.
11-A1-L6-fill-0374,11,6,quadratic_basic,565,$a<1$,"Найдите все действительные числа $a$, при которых многочлен $x^4 - 4x^3 + 6x^2 - 4x + a$ имеет ровно два различных действительных корня."
8-D1-L8-fill-0161,8,8,quadratic_basic,413,"$(a,b)=(-4040, 2019\cdot 2021)$","Найдите все такие пары целых чисел $(a,b)$, что квадратичная функция $f(x)=x^2+ax+b$ принимает целые значения при всех целых $x$, а $f(2019)=f(2021)=0$."
10-C1-L6-fill-0276,10,6,quadratic_basic,579,$a = 1$,"При каких значениях параметра $a$ система уравнений $\begin{cases} x^2 + y^2 = a, \\ |x| + |y| = 1 \end{cases}$ имеет ровно два решения?"
9-A3-L1-fill-0171,9,1,quadratic_basic,241,"$x_1 = -2, x_2 = -1, x_3 = 1, x_4 = 2$",Решите уравнение: $x^4 - 5x^2 + 4 = 0$.
8-B3-L3-fill-0104,8,3,quadratic_basic,230,18,"Найдите наименьшее значение выражения $x^2 + y^2$, если $x + y = 6$."
8-F1-L5-fill-0120,8,5,quadratic_basic,222,2,Решите уравнение $x^2-6x+8=0$. В ответ запишите меньший корень.
7-A3-L3-fill-0085,7,3,quadratic_basic,133,$(x-2)(x-3)$,Разложите на множители: $x^2 - 5x + 6$.
5-D3-L2-fill-0016,5,2,crt_basic,335,29,"Найдите наименьшее натуральное число, которое при делении на 8 даёт остаток 5, а при делении на 9 даёт остаток 2."
8-A1-L4-fill-0112,8,4,quadratic_basic,135,2; 3,Решите уравнение: $x^2 - 5x + 6 = 0$.
8-A1-L3-fill-0099,8,3,quadratic_basic,221,2,Решите уравнение $x^2 - 5x + 6 = 0$. В ответ запишите меньший из корней.
11-F1-L3-fill-0340,11,3,quadratic_basic,2254,"a = -3, a = 3","Найдите все значения $a$, при которых многочлен $P(x)=x^3+ax^2+3x+1$ имеет кратный корень."
11-D2-L3-fill-0350,11,3,quadratic_basic,542,$0 < a < 1$,"Найдите все значения параметра $a$, при которых уравнение $\frac{1}{x^2+2x+2} = a$ имеет ровно два различных корня."
10-C2-L7-fill-0291,10,7,quadratic_basic,734,"$x \in [-2, -1) \cup (-1, 0]$",Решите неравенство: $\frac{x^2+2x+2}{x^2+2x+1} + \frac{x^2+2x+1}{x^2+2x+2} \leq \frac{5}{2}$.
8-A2-L8-fill-0160,8,8,quadratic_basic,1042,"$(0,0,0)$, $(1,-1,0)$, $(2,-2,0)$, $(-2,0,2)$, $(1,1,-2)$ и перестановки","Найдите все тройки целых чисел $(a,b,c)$ такие, что числа $a$, $b$, $c$ являются корнями многочлена $x^3+px^2+qx+r$ с целыми коэффициентами, причём $p$, $q$, $r$ также являются корнями этого многочлена (возможно, в другом порядке)."
8-B2-L3-fill-0103,8,3,quadratic_basic,241,$1$,Упростите выражение: $\frac{x^2-1}{x^2+2x+1} \cdot \frac{x+1}{x-1}$.
11-D2-L5-fill-0367,11,5,quadratic_basic,762,"$a \in (4, +\infty)$","Найдите все значения параметра $a$, при каждом из которых уравнение $\sqrt{x^2 - 6x + 9} + \sqrt{x^2 + 2x + 1} = a$ имеет ровно два различных решения."
11-D3-L5-fill-0368,11,5,quadratic_basic,906,$a=5$,"Найдите все значения параметра $a$, при которых уравнение $\sqrt{x^2-6x+9}+\sqrt{x^2+4x+4}=a$ имеет ровно два различных решения."
9-B1-L5-fill-0211,9,5,quadratic_basic,347,"$(3;4), (4;3), (-3;-4), (-4;-3)$",Решите систему уравнений: $\begin{cases} x^2 + y^2 = 25 \\ xy = 12 \end{cases}$.
11-C2-L5-fill-0364,11,5,quadratic_basic,517,0.5,Найдите наибольшее значение выражения $\frac{x+1}{x^2+2x+2}$ при $x \in \mathbb{R}$.
9-A3-L2-fill-0183,9,2,quadratic_basic,235,"x = ±1, ±2",Решите уравнение: $x^4 - 5x^2 + 4 = 0$.
5-D3-L1-fill-0004,5,1,crt_basic,388,18,"Найдите наименьшее натуральное число, которое при делении на 5 даёт остаток 3, а при делении на 7 даёт остаток 4."
8-B2-L4-fill-0118,8,4,quadratic_basic,1365,0,Упростите выражение: $\frac{x^2 - y^2}{x^2 + 2xy + y^2} \cdot \frac{x + y}{x - y} - \frac{x}{x + y}$.
6-D1-L1-fill-0044,6,1,gcd_lcm_basic,176,12,Найдите наибольший общий делитель чисел 36 и 48.
9-A1-L8-fill-0235,9,8,quadratic_basic,2969,$a = -3$,"Найдите все значения параметра $a$, при которых уравнение $x^2 + (a-2)x + a = 0$ имеет два различных целых корня."
11-D2-L5-fill-0367,11,5,quadratic_basic,1558,"$a\in(-\infty,-\frac{1}{\sqrt{2}})\cup(\frac{1}{\sqrt{2}},\infty)$","Найдите все значения параметра $a$, при которых уравнение $\log_2(x^2+2ax+2a^2+1)=1+\log_2(x^2+2ax+1)$ имеет ровно два различных корня."
